"store_code","zd_code","zd_name","zd_complete_name","org_code","org_name","org_complete_name","st_name"
"9978",,,,,,,
"9972",,,,,,,
"9704","7001",秘書部,"7001 秘書部","0070",全店,"0070 全店","9704 ﾋｼﾖﾌﾞ          "
"9730","7005",内部監査部,"7005 内部監査部","0070",全店,"0070 全店","9730 ﾅｲﾌﾞｶﾝｻﾌﾞ      "
"9790","7010",役員,"7010 役員","0070",全店,"0070 全店",
"9791","7010",役員,"7010 役員","0070",全店,"0070 全店",
"9708","7021",MD本部,"7021 MD本部","0070",全店,"0070 全店",
"9723","7021",MD本部,"7021 MD本部","0070",全店,"0070 全店",
"9733","7021",MD本部,"7021 MD本部","0070",全店,"0070 全店",
"9741","7021",MD本部,"7021 MD本部","0070",全店,"0070 全店",
"9744","7021",MD本部,"7021 MD本部","0070",全店,"0070 全店","9744 ｲ-ﾄﾋﾟｱ         "
"9770","7021",MD本部,"7021 MD本部","0070",全店,"0070 全店","9770 MDﾎﾝﾌﾞ         "
"9771","7021",MD本部,"7021 MD本部","0070",全店,"0070 全店",
"9772","7021",MD本部,"7021 MD本部","0070",全店,"0070 全店",
"9773","7021",MD本部,"7021 MD本部","0070",全店,"0070 全店",
"9774","7021",MD本部,"7021 MD本部","0070",全店,"0070 全店",
"9775","7021",MD本部,"7021 MD本部","0070",全店,"0070 全店",
"9777","7021",MD本部,"7021 MD本部","0070",全店,"0070 全店",
"9778","7021",MD本部,"7021 MD本部","0070",全店,"0070 全店",
"9779","7021",MD本部,"7021 MD本部","0070",全店,"0070 全店",
"9781","7021",MD本部,"7021 MD本部","0070",全店,"0070 全店",
"9782","7021",MD本部,"7021 MD本部","0070",全店,"0070 全店",
"9724","7023",店舗運営本部,"7023 店舗運営本部","0070",全店,"0070 全店",
"9747","7023",店舗運営本部,"7023 店舗運営本部","0070",全店,"0070 全店",
"9749","7023",店舗運営本部,"7023 店舗運営本部","0070",全店,"0070 全店",
"9750","7023",店舗運営本部,"7023 店舗運営本部","0070",全店,"0070 全店","9750 ﾃﾝﾎﾟｳﾝｴｲﾎﾝﾌﾞ   "
"9751","7023",店舗運営本部,"7023 店舗運営本部","0070",全店,"0070 全店",
"9752","7023",店舗運営本部,"7023 店舗運営本部","0070",全店,"0070 全店",
"9753","7023",店舗運営本部,"7023 店舗運営本部","0070",全店,"0070 全店",
"9754","7023",店舗運営本部,"7023 店舗運営本部","0070",全店,"0070 全店",
"9755","7023",店舗運営本部,"7023 店舗運営本部","0070",全店,"0070 全店",
"9764","7023",店舗運営本部,"7023 店舗運営本部","0070",全店,"0070 全店",
"9424","7080",本社・分室,"7080 本社・分室","0070",全店,"0070 全店",
"9880","7080",本社・分室,"7080 本社・分室","0070",全店,"0070 全店",
"9881","7080",本社・分室,"7080 本社・分室","0070",全店,"0070 全店","9881 ﾜﾗﾋﾞﾌﾞﾝｼﾂ      "
"9882","7080",本社・分室,"7080 本社・分室","0070",全店,"0070 全店","9882 ﾁﾊﾞﾌﾞﾝｼﾂ       "
"9883","7080",本社・分室,"7080 本社・分室","0070",全店,"0070 全店","9883 ﾂﾙﾏﾁﾕｳｻﾞｲｼﾖ    "
"9884","7080",本社・分室,"7080 本社・分室","0070",全店,"0070 全店",
"9885","7080",本社・分室,"7080 本社・分室","0070",全店,"0070 全店","9885 ｵｵﾓﾘﾏﾁﾁﾕｳｻﾞｲｼﾖ "
"9886","7080",本社・分室,"7080 本社・分室","0070",全店,"0070 全店",
"9887","7080",本社・分室,"7080 本社・分室","0070",全店,"0070 全店",
"9423","7090",関係会社,"7090 関係会社","0070",全店,"0070 全店",
"9906","7090",関係会社,"7090 関係会社","0070",全店,"0070 全店",
"9910","7090",関係会社,"7090 関係会社","0070",全店,"0070 全店",
"9912","7090",関係会社,"7090 関係会社","0070",全店,"0070 全店",
"9913","7090",関係会社,"7090 関係会社","0070",全店,"0070 全店","9913 (ｶ)ｼﾖｸﾋﾝﾋﾝｼﾂｶﾝﾘ"
"9915","7090",関係会社,"7090 関係会社","0070",全店,"0070 全店","9915 (ｶ)ﾏﾙｴﾂｶｲﾊﾂ    "
"9916","7090",関係会社,"7090 関係会社","0070",全店,"0070 全店",
"9917","7090",関係会社,"7090 関係会社","0070",全店,"0070 全店",
"9921","7090",関係会社,"7090 関係会社","0070",全店,"0070 全店","9921 (ｶ)ﾏ-ﾉ         "
"9922","7090",関係会社,"7090 関係会社","0070",全店,"0070 全店",
"9925","7090",関係会社,"7090 関係会社","0070",全店,"0070 全店","9925 ｶ)ﾆﾎﾝﾘﾕｳﾂｳﾐﾗｲｷﾖ"
"9926","7090",関係会社,"7090 関係会社","0070",全店,"0070 全店","9926 ｱｽﾋﾞｽﾞｻﾎﾟ-ﾄ    "
"9942","7091",商品供給,"7091 商品供給","0070",全店,"0070 全店",
"9943","7091",商品供給,"7091 商品供給","0070",全店,"0070 全店",
"9944","7091",商品供給,"7091 商品供給","0070",全店,"0070 全店",
"9946","7091",商品供給,"7091 商品供給","0070",全店,"0070 全店",
"9947","7091",商品供給,"7091 商品供給","0070",全店,"0070 全店",
"9948","7091",商品供給,"7091 商品供給","0070",全店,"0070 全店",
"9949","7091",商品供給,"7091 商品供給","0070",全店,"0070 全店",
"9950","7091",商品供給,"7091 商品供給","0070",全店,"0070 全店",
"9344","7099",本部未使用,"7099 本部未使用","0070",全店,"0070 全店",
"9412","7099",本部未使用,"7099 本部未使用","0070",全店,"0070 全店",
"9432","7099",本部未使用,"7099 本部未使用","0070",全店,"0070 全店",
"9525","7099",本部未使用,"7099 本部未使用","0070",全店,"0070 全店",
"9700","7099",本部未使用,"7099 本部未使用","0070",全店,"0070 全店",
"9705","7099",本部未使用,"7099 本部未使用","0070",全店,"0070 全店",
"9706","7099",本部未使用,"7099 本部未使用","0070",全店,"0070 全店",
"9707","7099",本部未使用,"7099 本部未使用","0070",全店,"0070 全店",
"9710","7099",本部未使用,"7099 本部未使用","0070",全店,"0070 全店",
"9711","7099",本部未使用,"7099 本部未使用","0070",全店,"0070 全店",
"9712","7099",本部未使用,"7099 本部未使用","0070",全店,"0070 全店",
"9713","7099",本部未使用,"7099 本部未使用","0070",全店,"0070 全店",
"9714","7099",本部未使用,"7099 本部未使用","0070",全店,"0070 全店",
"9715","7099",本部未使用,"7099 本部未使用","0070",全店,"0070 全店",
"9716","7099",本部未使用,"7099 本部未使用","0070",全店,"0070 全店",
"9717","7099",本部未使用,"7099 本部未使用","0070",全店,"0070 全店",
"9725","7099",本部未使用,"7099 本部未使用","0070",全店,"0070 全店","9725 ｼﾖｳｾｽﾞ#ｿｳﾑﾎﾝﾌﾞ "
"9727","7099",本部未使用,"7099 本部未使用","0070",全店,"0070 全店",
"9729","7099",本部未使用,"7099 本部未使用","0070",全店,"0070 全店",
"9731","7099",本部未使用,"7099 本部未使用","0070",全店,"0070 全店",
"9736","7099",本部未使用,"7099 本部未使用","0070",全店,"0070 全店",
"9740","7099",本部未使用,"7099 本部未使用","0070",全店,"0070 全店","9740 ｼﾖｳｾｽﾞ#ﾛ-ｺｽﾄｵﾍﾟ"
"9746","7099",本部未使用,"7099 本部未使用","0070",全店,"0070 全店",
"9748","7099",本部未使用,"7099 本部未使用","0070",全店,"0070 全店",
"9756","7099",本部未使用,"7099 本部未使用","0070",全店,"0070 全店",
"9757","7099",本部未使用,"7099 本部未使用","0070",全店,"0070 全店",
"9758","7099",本部未使用,"7099 本部未使用","0070",全店,"0070 全店",
"9759","7099",本部未使用,"7099 本部未使用","0070",全店,"0070 全店",
"9760","7099",本部未使用,"7099 本部未使用","0070",全店,"0070 全店",
"9761","7099",本部未使用,"7099 本部未使用","0070",全店,"0070 全店",
"9762","7099",本部未使用,"7099 本部未使用","0070",全店,"0070 全店",
"9763","7099",本部未使用,"7099 本部未使用","0070",全店,"0070 全店",
"9765","7099",本部未使用,"7099 本部未使用","0070",全店,"0070 全店",
"9766","7099",本部未使用,"7099 本部未使用","0070",全店,"0070 全店",
"9767","7099",本部未使用,"7099 本部未使用","0070",全店,"0070 全店",
"9768","7099",本部未使用,"7099 本部未使用","0070",全店,"0070 全店",
"9769","7099",本部未使用,"7099 本部未使用","0070",全店,"0070 全店",
"9776","7099",本部未使用,"7099 本部未使用","0070",全店,"0070 全店",
"9780","7099",本部未使用,"7099 本部未使用","0070",全店,"0070 全店",
"9785","7099",本部未使用,"7099 本部未使用","0070",全店,"0070 全店",
"9786","7099",本部未使用,"7099 本部未使用","0070",全店,"0070 全店",
"9788","7099",本部未使用,"7099 本部未使用","0070",全店,"0070 全店",
"9793","7099",本部未使用,"7099 本部未使用","0070",全店,"0070 全店",
"9796","7099",本部未使用,"7099 本部未使用","0070",全店,"0070 全店",
"9798","7099",本部未使用,"7099 本部未使用","0070",全店,"0070 全店",
"9799","7099",本部未使用,"7099 本部未使用","0070",全店,"0070 全店",
"9302","7101",財務調整店,"7101 財務調整店","0071",調整総合,"0071 調整総合",
"9498","7101",財務調整店,"7101 財務調整店","0071",調整総合,"0071 調整総合",
"9499","7101",財務調整店,"7101 財務調整店","0071",調整総合,"0071 調整総合",
"9964","7101",財務調整店,"7101 財務調整店","0071",調整総合,"0071 調整総合",
"9496","7102",管理調整店,"7102 管理調整店","0071",調整総合,"0071 調整総合",
"9497","7102",管理調整店,"7102 管理調整店","0071",調整総合,"0071 調整総合",
"9500","7102",管理調整店,"7102 管理調整店","0071",調整総合,"0071 調整総合",
"9951","7102",管理調整店,"7102 管理調整店","0071",調整総合,"0071 調整総合",
"9953","7102",管理調整店,"7102 管理調整店","0071",調整総合,"0071 調整総合",
"9954","7102",管理調整店,"7102 管理調整店","0071",調整総合,"0071 調整総合",
"9955","7102",管理調整店,"7102 管理調整店","0071",調整総合,"0071 調整総合",
"9956","7102",管理調整店,"7102 管理調整店","0071",調整総合,"0071 調整総合",
"9957","7102",管理調整店,"7102 管理調整店","0071",調整総合,"0071 調整総合",
"9959","7102",管理調整店,"7102 管理調整店","0071",調整総合,"0071 調整総合",
"9962","7102",管理調整店,"7102 管理調整店","0071",調整総合,"0071 調整総合",
"9963","7102",管理調整店,"7102 管理調整店","0071",調整総合,"0071 調整総合",
"9965","7102",管理調整店,"7102 管理調整店","0071",調整総合,"0071 調整総合",
"9303","7110",未使用コード,"7110 未使用コード","0071",調整総合,"0071 調整総合",
"9306","7110",未使用コード,"7110 未使用コード","0071",調整総合,"0071 調整総合",
"9307","7110",未使用コード,"7110 未使用コード","0071",調整総合,"0071 調整総合",
"9308","7110",未使用コード,"7110 未使用コード","0071",調整総合,"0071 調整総合",
"9309","7110",未使用コード,"7110 未使用コード","0071",調整総合,"0071 調整総合",
"9400","7110",未使用コード,"7110 未使用コード","0071",調整総合,"0071 調整総合",
"9430","7110",未使用コード,"7110 未使用コード","0071",調整総合,"0071 調整総合",
"9444","7110",未使用コード,"7110 未使用コード","0071",調整総合,"0071 調整総合",
"9450","7110",未使用コード,"7110 未使用コード","0071",調整総合,"0071 調整総合",
"9505","7110",未使用コード,"7110 未使用コード","0071",調整総合,"0071 調整総合",
"9510","7110",未使用コード,"7110 未使用コード","0071",調整総合,"0071 調整総合",
"9521","7110",未使用コード,"7110 未使用コード","0071",調整総合,"0071 調整総合",
"9596","7110",未使用コード,"7110 未使用コード","0071",調整総合,"0071 調整総合",
"9599","7110",未使用コード,"7110 未使用コード","0071",調整総合,"0071 調整総合",
"9600","7110",未使用コード,"7110 未使用コード","0071",調整総合,"0071 調整総合",
"9989",,,,,,,
"9997",,,,,,,
"9620","7110",未使用コード,"7110 未使用コード","0071",調整総合,"0071 調整総合",
"9621","7110",未使用コード,"7110 未使用コード","0071",調整総合,"0071 調整総合",
"9629","7110",未使用コード,"7110 未使用コード","0071",調整総合,"0071 調整総合",
"9630","7110",未使用コード,"7110 未使用コード","0071",調整総合,"0071 調整総合",
"9665","7110",未使用コード,"7110 未使用コード","0071",調整総合,"0071 調整総合",
"9666","7110",未使用コード,"7110 未使用コード","0071",調整総合,"0071 調整総合",
"9667","7110",未使用コード,"7110 未使用コード","0071",調整総合,"0071 調整総合",
"9668","7110",未使用コード,"7110 未使用コード","0071",調整総合,"0071 調整総合",
"9669","7110",未使用コード,"7110 未使用コード","0071",調整総合,"0071 調整総合",
"9670","7110",未使用コード,"7110 未使用コード","0071",調整総合,"0071 調整総合",
"9671","7110",未使用コード,"7110 未使用コード","0071",調整総合,"0071 調整総合",
"9672","7110",未使用コード,"7110 未使用コード","0071",調整総合,"0071 調整総合",
"9673","7110",未使用コード,"7110 未使用コード","0071",調整総合,"0071 調整総合",
"9674","7110",未使用コード,"7110 未使用コード","0071",調整総合,"0071 調整総合",
"9675","7110",未使用コード,"7110 未使用コード","0071",調整総合,"0071 調整総合",
"9676","7110",未使用コード,"7110 未使用コード","0071",調整総合,"0071 調整総合",
"9677","7110",未使用コード,"7110 未使用コード","0071",調整総合,"0071 調整総合",
"9678","7110",未使用コード,"7110 未使用コード","0071",調整総合,"0071 調整総合",
"9679","7110",未使用コード,"7110 未使用コード","0071",調整総合,"0071 調整総合",
"9680","7110",未使用コード,"7110 未使用コード","0071",調整総合,"0071 調整総合",
"9681","7110",未使用コード,"7110 未使用コード","0071",調整総合,"0071 調整総合",
"9682","7110",未使用コード,"7110 未使用コード","0071",調整総合,"0071 調整総合",
"9683","7110",未使用コード,"7110 未使用コード","0071",調整総合,"0071 調整総合",
"9684","7110",未使用コード,"7110 未使用コード","0071",調整総合,"0071 調整総合",
"9685","7110",未使用コード,"7110 未使用コード","0071",調整総合,"0071 調整総合",
"9686","7110",未使用コード,"7110 未使用コード","0071",調整総合,"0071 調整総合",
"9687","7110",未使用コード,"7110 未使用コード","0071",調整総合,"0071 調整総合",
"9688","7110",未使用コード,"7110 未使用コード","0071",調整総合,"0071 調整総合",
"9689","7110",未使用コード,"7110 未使用コード","0071",調整総合,"0071 調整総合",
"9690","7110",未使用コード,"7110 未使用コード","0071",調整総合,"0071 調整総合",
"9691","7110",未使用コード,"7110 未使用コード","0071",調整総合,"0071 調整総合",
"9692","7110",未使用コード,"7110 未使用コード","0071",調整総合,"0071 調整総合",
"9693","7110",未使用コード,"7110 未使用コード","0071",調整総合,"0071 調整総合",
"9694","7110",未使用コード,"7110 未使用コード","0071",調整総合,"0071 調整総合",
"9901","7110",未使用コード,"7110 未使用コード","0071",調整総合,"0071 調整総合",
"9902","7110",未使用コード,"7110 未使用コード","0071",調整総合,"0071 調整総合",
"9903","7110",未使用コード,"7110 未使用コード","0071",調整総合,"0071 調整総合",
"9904","7110",未使用コード,"7110 未使用コード","0071",調整総合,"0071 調整総合",
"9905","7110",未使用コード,"7110 未使用コード","0071",調整総合,"0071 調整総合",
"9907","7110",未使用コード,"7110 未使用コード","0071",調整総合,"0071 調整総合",
"9908","7110",未使用コード,"7110 未使用コード","0071",調整総合,"0071 調整総合",
"9909","7110",未使用コード,"7110 未使用コード","0071",調整総合,"0071 調整総合",
"9911","7110",未使用コード,"7110 未使用コード","0071",調整総合,"0071 調整総合",
"9914","7110",未使用コード,"7110 未使用コード","0071",調整総合,"0071 調整総合",
"9918","7110",未使用コード,"7110 未使用コード","0071",調整総合,"0071 調整総合",
"9919","7110",未使用コード,"7110 未使用コード","0071",調整総合,"0071 調整総合",
"9920","7110",未使用コード,"7110 未使用コード","0071",調整総合,"0071 調整総合",
"9923","7110",未使用コード,"7110 未使用コード","0071",調整総合,"0071 調整総合",
"9924","7110",未使用コード,"7110 未使用コード","0071",調整総合,"0071 調整総合",
"9941","7110",未使用コード,"7110 未使用コード","0071",調整総合,"0071 調整総合",
"9952","7110",未使用コード,"7110 未使用コード","0071",調整総合,"0071 調整総合",
"9958","7110",未使用コード,"7110 未使用コード","0071",調整総合,"0071 調整総合",
"9960","7110",未使用コード,"7110 未使用コード","0071",調整総合,"0071 調整総合",
"9961","7110",未使用コード,"7110 未使用コード","0071",調整総合,"0071 調整総合",
"9990","7110",未使用コード,"7110 未使用コード","0071",調整総合,"0071 調整総合",
"9929","7121",ギフト調整店,"7121 ギフト調整店","0071",調整総合,"0071 調整総合",
"9930","7121",ギフト調整店,"7121 ギフト調整店","0071",調整総合,"0071 調整総合",
"9931","7121",ギフト調整店,"7121 ギフト調整店","0071",調整総合,"0071 調整総合",
"9934","7121",ギフト調整店,"7121 ギフト調整店","0071",調整総合,"0071 調整総合",
"9935","7121",ギフト調整店,"7121 ギフト調整店","0071",調整総合,"0071 調整総合",
"9984",,,,,,,
"9985",,,,,,,
"9939","7121",ギフト調整店,"7121 ギフト調整店","0071",調整総合,"0071 調整総合",
"9945","7121",ギフト調整店,"7121 ギフト調整店","0071",調整総合,"0071 調整総合",
"9551","7130",閉鎖テナント館,"7130 閉鎖テナント館","0071",調整総合,"0071 調整総合",
"9976",,,,,,,
"9977",,,,,,,
"9553","7130",閉鎖テナント館,"7130 閉鎖テナント館","0071",調整総合,"0071 調整総合",
"9554","7130",閉鎖テナント館,"7130 閉鎖テナント館","0071",調整総合,"0071 調整総合",
"9559","7130",閉鎖テナント館,"7130 閉鎖テナント館","0071",調整総合,"0071 調整総合",
"9561","7130",閉鎖テナント館,"7130 閉鎖テナント館","0071",調整総合,"0071 調整総合",
"9565","7130",閉鎖テナント館,"7130 閉鎖テナント館","0071",調整総合,"0071 調整総合",
"9567","7130",閉鎖テナント館,"7130 閉鎖テナント館","0071",調整総合,"0071 調整総合",
"9569","7130",閉鎖テナント館,"7130 閉鎖テナント館","0071",調整総合,"0071 調整総合",
"9572","7130",閉鎖テナント館,"7130 閉鎖テナント館","0071",調整総合,"0071 調整総合",
"9574","7130",閉鎖テナント館,"7130 閉鎖テナント館","0071",調整総合,"0071 調整総合",
"9575","7130",閉鎖テナント館,"7130 閉鎖テナント館","0071",調整総合,"0071 調整総合",
"9576","7130",閉鎖テナント館,"7130 閉鎖テナント館","0071",調整総合,"0071 調整総合",
"9577","7130",閉鎖テナント館,"7130 閉鎖テナント館","0071",調整総合,"0071 調整総合",
"9582","7130",閉鎖テナント館,"7130 閉鎖テナント館","0071",調整総合,"0071 調整総合",
"9583","7130",閉鎖テナント館,"7130 閉鎖テナント館","0071",調整総合,"0071 調整総合",
"9586","7130",閉鎖テナント館,"7130 閉鎖テナント館","0071",調整総合,"0071 調整総合",
"9588","7130",閉鎖テナント館,"7130 閉鎖テナント館","0071",調整総合,"0071 調整総合",
"9590","7130",閉鎖テナント館,"7130 閉鎖テナント館","0071",調整総合,"0071 調整総合",
"9593","7130",閉鎖テナント館,"7130 閉鎖テナント館","0071",調整総合,"0071 調整総合",
"9802","7130",閉鎖テナント館,"7130 閉鎖テナント館","0071",調整総合,"0071 調整総合",
"9803","7130",閉鎖テナント館,"7130 閉鎖テナント館","0071",調整総合,"0071 調整総合",
"9805","7130",閉鎖テナント館,"7130 閉鎖テナント館","0071",調整総合,"0071 調整総合",
"9806","7130",閉鎖テナント館,"7130 閉鎖テナント館","0071",調整総合,"0071 調整総合",
"9807","7130",閉鎖テナント館,"7130 閉鎖テナント館","0071",調整総合,"0071 調整総合",
"9809","7130",閉鎖テナント館,"7130 閉鎖テナント館","0071",調整総合,"0071 調整総合",
"9811","7130",閉鎖テナント館,"7130 閉鎖テナント館","0071",調整総合,"0071 調整総合",
"9812","7130",閉鎖テナント館,"7130 閉鎖テナント館","0071",調整総合,"0071 調整総合",
"9813","7130",閉鎖テナント館,"7130 閉鎖テナント館","0071",調整総合,"0071 調整総合",
"9815","7130",閉鎖テナント館,"7130 閉鎖テナント館","0071",調整総合,"0071 調整総合",
"9817","7130",閉鎖テナント館,"7130 閉鎖テナント館","0071",調整総合,"0071 調整総合",
"9819","7130",閉鎖テナント館,"7130 閉鎖テナント館","0071",調整総合,"0071 調整総合",
"9822","7130",閉鎖テナント館,"7130 閉鎖テナント館","0071",調整総合,"0071 調整総合",
"9823","7130",閉鎖テナント館,"7130 閉鎖テナント館","0071",調整総合,"0071 調整総合",
"9826","7130",閉鎖テナント館,"7130 閉鎖テナント館","0071",調整総合,"0071 調整総合",
"9827","7130",閉鎖テナント館,"7130 閉鎖テナント館","0071",調整総合,"0071 調整総合",
"9828","7130",閉鎖テナント館,"7130 閉鎖テナント館","0071",調整総合,"0071 調整総合",
"9829","7130",閉鎖テナント館,"7130 閉鎖テナント館","0071",調整総合,"0071 調整総合",
"9832","7130",閉鎖テナント館,"7130 閉鎖テナント館","0071",調整総合,"0071 調整総合",
"9833","7130",閉鎖テナント館,"7130 閉鎖テナント館","0071",調整総合,"0071 調整総合",
"9843","7130",閉鎖テナント館,"7130 閉鎖テナント館","0071",調整総合,"0071 調整総合",
"9845","7130",閉鎖テナント館,"7130 閉鎖テナント館","0071",調整総合,"0071 調整総合",
"9888","7150",閉鎖後経費管理店,"7150 閉鎖後経費管理店","0071",調整総合,"0071 調整総合",
"9889","7150",閉鎖後経費管理店,"7150 閉鎖後経費管理店","0071",調整総合,"0071 調整総合",
"9002","7151",閉鎖店舗,"7151 閉鎖店舗","0071",調整総合,"0071 調整総合",
"9004","7151",閉鎖店舗,"7151 閉鎖店舗","0071",調整総合,"0071 調整総合",
"9005","7151",閉鎖店舗,"7151 閉鎖店舗","0071",調整総合,"0071 調整総合",
"9006","7151",閉鎖店舗,"7151 閉鎖店舗","0071",調整総合,"0071 調整総合",
"9007","7151",閉鎖店舗,"7151 閉鎖店舗","0071",調整総合,"0071 調整総合",
"9009","7151",閉鎖店舗,"7151 閉鎖店舗","0071",調整総合,"0071 調整総合",
"9010","7151",閉鎖店舗,"7151 閉鎖店舗","0071",調整総合,"0071 調整総合",
"9011","7151",閉鎖店舗,"7151 閉鎖店舗","0071",調整総合,"0071 調整総合",
"9012","7151",閉鎖店舗,"7151 閉鎖店舗","0071",調整総合,"0071 調整総合",
"9013","7151",閉鎖店舗,"7151 閉鎖店舗","0071",調整総合,"0071 調整総合",
"9014","7151",閉鎖店舗,"7151 閉鎖店舗","0071",調整総合,"0071 調整総合",
"9015","7151",閉鎖店舗,"7151 閉鎖店舗","0071",調整総合,"0071 調整総合",
"9016","7151",閉鎖店舗,"7151 閉鎖店舗","0071",調整総合,"0071 調整総合",
"9017","7151",閉鎖店舗,"7151 閉鎖店舗","0071",調整総合,"0071 調整総合",
"9018","7151",閉鎖店舗,"7151 閉鎖店舗","0071",調整総合,"0071 調整総合",
"9019","7151",閉鎖店舗,"7151 閉鎖店舗","0071",調整総合,"0071 調整総合",
"9020","7151",閉鎖店舗,"7151 閉鎖店舗","0071",調整総合,"0071 調整総合",
"9021","7151",閉鎖店舗,"7151 閉鎖店舗","0071",調整総合,"0071 調整総合",
"9022","7151",閉鎖店舗,"7151 閉鎖店舗","0071",調整総合,"0071 調整総合",
"9023","7151",閉鎖店舗,"7151 閉鎖店舗","0071",調整総合,"0071 調整総合",
"9024","7151",閉鎖店舗,"7151 閉鎖店舗","0071",調整総合,"0071 調整総合",
"9026","7151",閉鎖店舗,"7151 閉鎖店舗","0071",調整総合,"0071 調整総合",
"9027","7151",閉鎖店舗,"7151 閉鎖店舗","0071",調整総合,"0071 調整総合",
"9028","7151",閉鎖店舗,"7151 閉鎖店舗","0071",調整総合,"0071 調整総合",
"9030","7151",閉鎖店舗,"7151 閉鎖店舗","0071",調整総合,"0071 調整総合",
"9031","7151",閉鎖店舗,"7151 閉鎖店舗","0071",調整総合,"0071 調整総合",
"9032","7151",閉鎖店舗,"7151 閉鎖店舗","0071",調整総合,"0071 調整総合",
"9033","7151",閉鎖店舗,"7151 閉鎖店舗","0071",調整総合,"0071 調整総合",
"9034","7151",閉鎖店舗,"7151 閉鎖店舗","0071",調整総合,"0071 調整総合",
"9035","7151",閉鎖店舗,"7151 閉鎖店舗","0071",調整総合,"0071 調整総合",
"9036","7151",閉鎖店舗,"7151 閉鎖店舗","0071",調整総合,"0071 調整総合",
"9037","7151",閉鎖店舗,"7151 閉鎖店舗","0071",調整総合,"0071 調整総合",
"9039","7151",閉鎖店舗,"7151 閉鎖店舗","0071",調整総合,"0071 調整総合",
"9040","7151",閉鎖店舗,"7151 閉鎖店舗","0071",調整総合,"0071 調整総合",
"9042","7151",閉鎖店舗,"7151 閉鎖店舗","0071",調整総合,"0071 調整総合",
"9043","7151",閉鎖店舗,"7151 閉鎖店舗","0071",調整総合,"0071 調整総合",
"9044","7151",閉鎖店舗,"7151 閉鎖店舗","0071",調整総合,"0071 調整総合",
"9045","7151",閉鎖店舗,"7151 閉鎖店舗","0071",調整総合,"0071 調整総合",
"9046","7151",閉鎖店舗,"7151 閉鎖店舗","0071",調整総合,"0071 調整総合",
"9050","7151",閉鎖店舗,"7151 閉鎖店舗","0071",調整総合,"0071 調整総合",
"9052","7151",閉鎖店舗,"7151 閉鎖店舗","0071",調整総合,"0071 調整総合",
"9053","7151",閉鎖店舗,"7151 閉鎖店舗","0071",調整総合,"0071 調整総合",
"9055","7151",閉鎖店舗,"7151 閉鎖店舗","0071",調整総合,"0071 調整総合",
"9057","7151",閉鎖店舗,"7151 閉鎖店舗","0071",調整総合,"0071 調整総合",
"9058","7151",閉鎖店舗,"7151 閉鎖店舗","0071",調整総合,"0071 調整総合",
"9059","7151",閉鎖店舗,"7151 閉鎖店舗","0071",調整総合,"0071 調整総合",
"9060","7151",閉鎖店舗,"7151 閉鎖店舗","0071",調整総合,"0071 調整総合",
"9061","7151",閉鎖店舗,"7151 閉鎖店舗","0071",調整総合,"0071 調整総合",
"9062","7151",閉鎖店舗,"7151 閉鎖店舗","0071",調整総合,"0071 調整総合",
"9065","7151",閉鎖店舗,"7151 閉鎖店舗","0071",調整総合,"0071 調整総合",
"9066","7151",閉鎖店舗,"7151 閉鎖店舗","0071",調整総合,"0071 調整総合",
"9067","7151",閉鎖店舗,"7151 閉鎖店舗","0071",調整総合,"0071 調整総合",
"9068","7151",閉鎖店舗,"7151 閉鎖店舗","0071",調整総合,"0071 調整総合",
"9069","7151",閉鎖店舗,"7151 閉鎖店舗","0071",調整総合,"0071 調整総合",
"9070","7151",閉鎖店舗,"7151 閉鎖店舗","0071",調整総合,"0071 調整総合",
"9071","7151",閉鎖店舗,"7151 閉鎖店舗","0071",調整総合,"0071 調整総合",
"9072","7151",閉鎖店舗,"7151 閉鎖店舗","0071",調整総合,"0071 調整総合",
"9073","7151",閉鎖店舗,"7151 閉鎖店舗","0071",調整総合,"0071 調整総合",
"9074","7151",閉鎖店舗,"7151 閉鎖店舗","0071",調整総合,"0071 調整総合",
"9075","7151",閉鎖店舗,"7151 閉鎖店舗","0071",調整総合,"0071 調整総合",
"9078","7151",閉鎖店舗,"7151 閉鎖店舗","0071",調整総合,"0071 調整総合",
"9079","7151",閉鎖店舗,"7151 閉鎖店舗","0071",調整総合,"0071 調整総合",
"9080","7151",閉鎖店舗,"7151 閉鎖店舗","0071",調整総合,"0071 調整総合",
"9081","7151",閉鎖店舗,"7151 閉鎖店舗","0071",調整総合,"0071 調整総合",
"9084","7151",閉鎖店舗,"7151 閉鎖店舗","0071",調整総合,"0071 調整総合",
"9085","7151",閉鎖店舗,"7151 閉鎖店舗","0071",調整総合,"0071 調整総合",
"9087","7151",閉鎖店舗,"7151 閉鎖店舗","0071",調整総合,"0071 調整総合",
"9088","7151",閉鎖店舗,"7151 閉鎖店舗","0071",調整総合,"0071 調整総合",
"9093","7151",閉鎖店舗,"7151 閉鎖店舗","0071",調整総合,"0071 調整総合",
"9095","7151",閉鎖店舗,"7151 閉鎖店舗","0071",調整総合,"0071 調整総合",
"9098","7151",閉鎖店舗,"7151 閉鎖店舗","0071",調整総合,"0071 調整総合",
"9101","7151",閉鎖店舗,"7151 閉鎖店舗","0071",調整総合,"0071 調整総合",
"9104","7151",閉鎖店舗,"7151 閉鎖店舗","0071",調整総合,"0071 調整総合",
"9105","7151",閉鎖店舗,"7151 閉鎖店舗","0071",調整総合,"0071 調整総合",
"9107","7151",閉鎖店舗,"7151 閉鎖店舗","0071",調整総合,"0071 調整総合",
"9109","7151",閉鎖店舗,"7151 閉鎖店舗","0071",調整総合,"0071 調整総合",
"9112","7151",閉鎖店舗,"7151 閉鎖店舗","0071",調整総合,"0071 調整総合",
"9113","7151",閉鎖店舗,"7151 閉鎖店舗","0071",調整総合,"0071 調整総合",
"9114","7151",閉鎖店舗,"7151 閉鎖店舗","0071",調整総合,"0071 調整総合",
"9115","7151",閉鎖店舗,"7151 閉鎖店舗","0071",調整総合,"0071 調整総合",
"9116","7151",閉鎖店舗,"7151 閉鎖店舗","0071",調整総合,"0071 調整総合",
"9117","7151",閉鎖店舗,"7151 閉鎖店舗","0071",調整総合,"0071 調整総合",
"9118","7151",閉鎖店舗,"7151 閉鎖店舗","0071",調整総合,"0071 調整総合",
"9119","7151",閉鎖店舗,"7151 閉鎖店舗","0071",調整総合,"0071 調整総合",
"9120","7151",閉鎖店舗,"7151 閉鎖店舗","0071",調整総合,"0071 調整総合",
"9121","7151",閉鎖店舗,"7151 閉鎖店舗","0071",調整総合,"0071 調整総合",
"9122","7151",閉鎖店舗,"7151 閉鎖店舗","0071",調整総合,"0071 調整総合",
"9123","7151",閉鎖店舗,"7151 閉鎖店舗","0071",調整総合,"0071 調整総合",
"9124","7151",閉鎖店舗,"7151 閉鎖店舗","0071",調整総合,"0071 調整総合",
"9126","7151",閉鎖店舗,"7151 閉鎖店舗","0071",調整総合,"0071 調整総合",
"9129","7151",閉鎖店舗,"7151 閉鎖店舗","0071",調整総合,"0071 調整総合",
"9130","7151",閉鎖店舗,"7151 閉鎖店舗","0071",調整総合,"0071 調整総合",
"9131","7151",閉鎖店舗,"7151 閉鎖店舗","0071",調整総合,"0071 調整総合",
"9132","7151",閉鎖店舗,"7151 閉鎖店舗","0071",調整総合,"0071 調整総合",
"9135","7151",閉鎖店舗,"7151 閉鎖店舗","0071",調整総合,"0071 調整総合",
"9137","7151",閉鎖店舗,"7151 閉鎖店舗","0071",調整総合,"0071 調整総合",
"9138","7151",閉鎖店舗,"7151 閉鎖店舗","0071",調整総合,"0071 調整総合",
"9139","7151",閉鎖店舗,"7151 閉鎖店舗","0071",調整総合,"0071 調整総合",
"9140","7151",閉鎖店舗,"7151 閉鎖店舗","0071",調整総合,"0071 調整総合",
"9144","7151",閉鎖店舗,"7151 閉鎖店舗","0071",調整総合,"0071 調整総合",
"9147","7151",閉鎖店舗,"7151 閉鎖店舗","0071",調整総合,"0071 調整総合",
"9148","7151",閉鎖店舗,"7151 閉鎖店舗","0071",調整総合,"0071 調整総合",
"9151","7151",閉鎖店舗,"7151 閉鎖店舗","0071",調整総合,"0071 調整総合",
"9152","7151",閉鎖店舗,"7151 閉鎖店舗","0071",調整総合,"0071 調整総合",
"9154","7151",閉鎖店舗,"7151 閉鎖店舗","0071",調整総合,"0071 調整総合",
"9155","7151",閉鎖店舗,"7151 閉鎖店舗","0071",調整総合,"0071 調整総合",
"9158","7151",閉鎖店舗,"7151 閉鎖店舗","0071",調整総合,"0071 調整総合",
"9161","7151",閉鎖店舗,"7151 閉鎖店舗","0071",調整総合,"0071 調整総合",
"9162","7151",閉鎖店舗,"7151 閉鎖店舗","0071",調整総合,"0071 調整総合",
"9163","7151",閉鎖店舗,"7151 閉鎖店舗","0071",調整総合,"0071 調整総合",
"9166","7151",閉鎖店舗,"7151 閉鎖店舗","0071",調整総合,"0071 調整総合",
"9177","7151",閉鎖店舗,"7151 閉鎖店舗","0071",調整総合,"0071 調整総合",
"9178","7151",閉鎖店舗,"7151 閉鎖店舗","0071",調整総合,"0071 調整総合",
"9181","7151",閉鎖店舗,"7151 閉鎖店舗","0071",調整総合,"0071 調整総合",
"9186","7151",閉鎖店舗,"7151 閉鎖店舗","0071",調整総合,"0071 調整総合",
"9189","7151",閉鎖店舗,"7151 閉鎖店舗","0071",調整総合,"0071 調整総合",
"9190","7151",閉鎖店舗,"7151 閉鎖店舗","0071",調整総合,"0071 調整総合",
"9191","7151",閉鎖店舗,"7151 閉鎖店舗","0071",調整総合,"0071 調整総合",
"9192","7151",閉鎖店舗,"7151 閉鎖店舗","0071",調整総合,"0071 調整総合",
"9198","7151",閉鎖店舗,"7151 閉鎖店舗","0071",調整総合,"0071 調整総合",
"9199","7151",閉鎖店舗,"7151 閉鎖店舗","0071",調整総合,"0071 調整総合",
"9201","7151",閉鎖店舗,"7151 閉鎖店舗","0071",調整総合,"0071 調整総合",
"9202","7151",閉鎖店舗,"7151 閉鎖店舗","0071",調整総合,"0071 調整総合",
"9203","7151",閉鎖店舗,"7151 閉鎖店舗","0071",調整総合,"0071 調整総合",
"9204","7151",閉鎖店舗,"7151 閉鎖店舗","0071",調整総合,"0071 調整総合",
"9205","7151",閉鎖店舗,"7151 閉鎖店舗","0071",調整総合,"0071 調整総合",
"9207","7151",閉鎖店舗,"7151 閉鎖店舗","0071",調整総合,"0071 調整総合",
"9208","7151",閉鎖店舗,"7151 閉鎖店舗","0071",調整総合,"0071 調整総合",
"9210","7151",閉鎖店舗,"7151 閉鎖店舗","0071",調整総合,"0071 調整総合",
"9212","7151",閉鎖店舗,"7151 閉鎖店舗","0071",調整総合,"0071 調整総合",
"9215","7151",閉鎖店舗,"7151 閉鎖店舗","0071",調整総合,"0071 調整総合",
"9216","7151",閉鎖店舗,"7151 閉鎖店舗","0071",調整総合,"0071 調整総合",
"9218","7151",閉鎖店舗,"7151 閉鎖店舗","0071",調整総合,"0071 調整総合",
"9220","7151",閉鎖店舗,"7151 閉鎖店舗","0071",調整総合,"0071 調整総合",
"9221","7151",閉鎖店舗,"7151 閉鎖店舗","0071",調整総合,"0071 調整総合",
"9223","7151",閉鎖店舗,"7151 閉鎖店舗","0071",調整総合,"0071 調整総合",
"9225","7151",閉鎖店舗,"7151 閉鎖店舗","0071",調整総合,"0071 調整総合",
"9230","7151",閉鎖店舗,"7151 閉鎖店舗","0071",調整総合,"0071 調整総合",
"9232","7151",閉鎖店舗,"7151 閉鎖店舗","0071",調整総合,"0071 調整総合",
"9233","7151",閉鎖店舗,"7151 閉鎖店舗","0071",調整総合,"0071 調整総合",
"9241","7151",閉鎖店舗,"7151 閉鎖店舗","0071",調整総合,"0071 調整総合",
"9242","7151",閉鎖店舗,"7151 閉鎖店舗","0071",調整総合,"0071 調整総合",
"9260","7151",閉鎖店舗,"7151 閉鎖店舗","0071",調整総合,"0071 調整総合",
"9262","7151",閉鎖店舗,"7151 閉鎖店舗","0071",調整総合,"0071 調整総合",
"9265","7151",閉鎖店舗,"7151 閉鎖店舗","0071",調整総合,"0071 調整総合",
"9268","7151",閉鎖店舗,"7151 閉鎖店舗","0071",調整総合,"0071 調整総合",
"9270","7151",閉鎖店舗,"7151 閉鎖店舗","0071",調整総合,"0071 調整総合",
"9272","7151",閉鎖店舗,"7151 閉鎖店舗","0071",調整総合,"0071 調整総合",
"9273","7151",閉鎖店舗,"7151 閉鎖店舗","0071",調整総合,"0071 調整総合",
"9274","7151",閉鎖店舗,"7151 閉鎖店舗","0071",調整総合,"0071 調整総合",
"9279","7151",閉鎖店舗,"7151 閉鎖店舗","0071",調整総合,"0071 調整総合",
"9282","7151",閉鎖店舗,"7151 閉鎖店舗","0071",調整総合,"0071 調整総合",
"9284","7151",閉鎖店舗,"7151 閉鎖店舗","0071",調整総合,"0071 調整総合",
"9288","7151",閉鎖店舗,"7151 閉鎖店舗","0071",調整総合,"0071 調整総合",
"9289","7151",閉鎖店舗,"7151 閉鎖店舗","0071",調整総合,"0071 調整総合",
"9318","7151",閉鎖店舗,"7151 閉鎖店舗","0071",調整総合,"0071 調整総合",
"9323","7151",閉鎖店舗,"7151 閉鎖店舗","0071",調整総合,"0071 調整総合","9323 #ﾋﾄﾂﾊﾞｼｶﾞｸｴﾝ   "
"9325","7151",閉鎖店舗,"7151 閉鎖店舗","0071",調整総合,"0071 調整総合",
"9326","7151",閉鎖店舗,"7151 閉鎖店舗","0071",調整総合,"0071 調整総合",
"9329","7151",閉鎖店舗,"7151 閉鎖店舗","0071",調整総合,"0071 調整総合",
"9334","7151",閉鎖店舗,"7151 閉鎖店舗","0071",調整総合,"0071 調整総合",
"9345","7151",閉鎖店舗,"7151 閉鎖店舗","0071",調整総合,"0071 調整総合",
"9346","7151",閉鎖店舗,"7151 閉鎖店舗","0071",調整総合,"0071 調整総合",
"9347","7151",閉鎖店舗,"7151 閉鎖店舗","0071",調整総合,"0071 調整総合",
"9350","7151",閉鎖店舗,"7151 閉鎖店舗","0071",調整総合,"0071 調整総合",
"9352","7151",閉鎖店舗,"7151 閉鎖店舗","0071",調整総合,"0071 調整総合",
"9353","7151",閉鎖店舗,"7151 閉鎖店舗","0071",調整総合,"0071 調整総合",
"9363","7151",閉鎖店舗,"7151 閉鎖店舗","0071",調整総合,"0071 調整総合",
"9366","7151",閉鎖店舗,"7151 閉鎖店舗","0071",調整総合,"0071 調整総合",
"9368","7151",閉鎖店舗,"7151 閉鎖店舗","0071",調整総合,"0071 調整総合",
"9374","7151",閉鎖店舗,"7151 閉鎖店舗","0071",調整総合,"0071 調整総合",
"9379","7151",閉鎖店舗,"7151 閉鎖店舗","0071",調整総合,"0071 調整総合",
"9382","7151",閉鎖店舗,"7151 閉鎖店舗","0071",調整総合,"0071 調整総合",
"9385","7151",閉鎖店舗,"7151 閉鎖店舗","0071",調整総合,"0071 調整総合",
"9399","7151",閉鎖店舗,"7151 閉鎖店舗","0071",調整総合,"0071 調整総合","9399 #ﾋｶﾞｼﾆﾎﾝﾊﾞｼｻﾝﾁﾖ"
"9402","7151",閉鎖店舗,"7151 閉鎖店舗","0071",調整総合,"0071 調整総合",
"9404","7151",閉鎖店舗,"7151 閉鎖店舗","0071",調整総合,"0071 調整総合",
"9415","7151",閉鎖店舗,"7151 閉鎖店舗","0071",調整総合,"0071 調整総合","9415 #ﾛﾂﾎﾟﾝｷﾞﾋﾙｽﾞ   "
"9417","7151",閉鎖店舗,"7151 閉鎖店舗","0071",調整総合,"0071 調整総合",
"9462","7151",閉鎖店舗,"7151 閉鎖店舗","0071",調整総合,"0071 調整総合",
"9466","7151",閉鎖店舗,"7151 閉鎖店舗","0071",調整総合,"0071 調整総合",
"9473","7151",閉鎖店舗,"7151 閉鎖店舗","0071",調整総合,"0071 調整総合",
"9476","7151",閉鎖店舗,"7151 閉鎖店舗","0071",調整総合,"0071 調整総合",
"9484","7151",閉鎖店舗,"7151 閉鎖店舗","0071",調整総合,"0071 調整総合",
"9485","7151",閉鎖店舗,"7151 閉鎖店舗","0071",調整総合,"0071 調整総合",
"9488","7151",閉鎖店舗,"7151 閉鎖店舗","0071",調整総合,"0071 調整総合",
"9522","7151",閉鎖店舗,"7151 閉鎖店舗","0071",調整総合,"0071 調整総合",
"9523","7151",閉鎖店舗,"7151 閉鎖店舗","0071",調整総合,"0071 調整総合",
"9411","7201",経営企画本部,"7201 経営企画本部","0072",本部,"0072 本部","9411 ｻﾞｲﾑｹｲﾘﾀﾝﾄｳ    "
"9701","7201",経営企画本部,"7201 経営企画本部","0072",本部,"0072 本部","9701 ｹｲｴｲｷｶｸﾎﾝﾌﾞ    "
"9702","7201",経営企画本部,"7201 経営企画本部","0072",本部,"0072 本部",
"9703","7201",経営企画本部,"7201 経営企画本部","0072",本部,"0072 本部",
"9726","7201",経営企画本部,"7201 経営企画本部","0072",本部,"0072 本部",
"9416","7203",教育人事本部,"7203 教育人事本部","0072",本部,"0072 本部",
"9421","7203",教育人事本部,"7203 教育人事本部","0072",本部,"0072 本部",
"9422","7203",教育人事本部,"7203 教育人事本部","0072",本部,"0072 本部",
"9720","7203",教育人事本部,"7203 教育人事本部","0072",本部,"0072 本部","9720 ｷﾖｳｲｸｼﾞﾝｼﾞﾎﾝﾌﾞ "
"9721","7203",教育人事本部,"7203 教育人事本部","0072",本部,"0072 本部",
"9722","7203",教育人事本部,"7203 教育人事本部","0072",本部,"0072 本部","9722 ｼﾞﾝｻﾞｲｶｲﾊﾂｷﾖｳｲｸ"
"9728","7203",教育人事本部,"7203 教育人事本部","0072",本部,"0072 本部",
"9735","7204",開発本部,"7204 開発本部","0072",本部,"0072 本部","9735 ｶｲﾊﾂﾎﾝﾌﾞ       "
"9737","7204",開発本部,"7204 開発本部","0072",本部,"0072 本部","9737 ﾌﾄﾞｳｻﾝｶﾝﾘﾌﾞ    "
"9738","7204",開発本部,"7204 開発本部","0072",本部,"0072 本部","9738 ｹﾝｾﾂｴｲｾﾞﾝﾌﾞ    "
"9742","7204",開発本部,"7204 開発本部","0072",本部,"0072 本部","9742 ﾃﾝﾎﾟｷｶｸﾌﾞ      "
"9709","7205",ビジネスデザイン本部,"7205 ビジネスデザイン本部","0072",本部,"0072 本部",
"9732","7205",ビジネスデザイン本部,"7205 ビジネスデザイン本部","0072",本部,"0072 本部",
"9734","7205",ビジネスデザイン本部,"7205 ビジネスデザイン本部","0072",本部,"0072 本部",
"9743","7205",ビジネスデザイン本部,"7205 ビジネスデザイン本部","0072",本部,"0072 本部",
"9745","7205",ビジネスデザイン本部,"7205 ビジネスデザイン本部","0072",本部,"0072 本部","9745 ﾋﾞｼﾞﾈｽﾃﾞｻﾞｲﾝ   "
"9301","7300",事業所,"7300 事業所","0073",事務所・市場・センター,"0073 事務所・市場・センター",
"9524","7304",ネットスーパー,"7304 ネットスーパー","0073",事務所・市場・センター,"0073 事務所・市場・センター",
"9932","7310",ギフト事務局,"7310 ギフト事務局","0073",事務所・市場・センター,"0073 事務所・市場・センター",
"9933","7310",ギフト事務局,"7310 ギフト事務局","0073",事務所・市場・センター,"0073 事務所・市場・センター",
"9936","7310",ギフト事務局,"7310 ギフト事務局","0073",事務所・市場・センター,"0073 事務所・市場・センター",
"9937","7310",ギフト事務局,"7310 ギフト事務局","0073",事務所・市場・センター,"0073 事務所・市場・センター","9937 ｷﾞﾖｳﾄｸｻｹｿﾞｳﾁｼﾖ "
"9938","7310",ギフト事務局,"7310 ギフト事務局","0073",事務所・市場・センター,"0073 事務所・市場・センター","9938 ﾏﾙｴﾂｷﾞﾌﾄｻﾞｲｺｾﾝﾀ"
"9940","7310",ギフト事務局,"7310 ギフト事務局","0073",事務所・市場・センター,"0073 事務所・市場・センター","9940 ﾏﾙｴﾂｷﾞﾌﾄｾﾝﾀ-   "
"9552","7311",テナント館,"7311 テナント館","0073",事務所・市場・センター,"0073 事務所・市場・センター",
"9998",,,,,,,
"9999",,,,,,,
"9556","7311",テナント館,"7311 テナント館","0073",事務所・市場・センター,"0073 事務所・市場・センター",
"9562","7311",テナント館,"7311 テナント館","0073",事務所・市場・センター,"0073 事務所・市場・センター",
"9563","7311",テナント館,"7311 テナント館","0073",事務所・市場・センター,"0073 事務所・市場・センター",
"9564","7311",テナント館,"7311 テナント館","0073",事務所・市場・センター,"0073 事務所・市場・センター",
"9578","7311",テナント館,"7311 テナント館","0073",事務所・市場・センター,"0073 事務所・市場・センター",
"9579","7311",テナント館,"7311 テナント館","0073",事務所・市場・センター,"0073 事務所・市場・センター",
"9580","7311",テナント館,"7311 テナント館","0073",事務所・市場・センター,"0073 事務所・市場・センター",
"9581","7311",テナント館,"7311 テナント館","0073",事務所・市場・センター,"0073 事務所・市場・センター",
"9584","7311",テナント館,"7311 テナント館","0073",事務所・市場・センター,"0073 事務所・市場・センター",
"9585","7311",テナント館,"7311 テナント館","0073",事務所・市場・センター,"0073 事務所・市場・センター",
"9587","7311",テナント館,"7311 テナント館","0073",事務所・市場・センター,"0073 事務所・市場・センター",
"9589","7311",テナント館,"7311 テナント館","0073",事務所・市場・センター,"0073 事務所・市場・センター",
"9591","7311",テナント館,"7311 テナント館","0073",事務所・市場・センター,"0073 事務所・市場・センター",
"9592","7311",テナント館,"7311 テナント館","0073",事務所・市場・センター,"0073 事務所・市場・センター",
"9594","7311",テナント館,"7311 テナント館","0073",事務所・市場・センター,"0073 事務所・市場・センター",
"9800","7311",テナント館,"7311 テナント館","0073",事務所・市場・センター,"0073 事務所・市場・センター",
"9804","7311",テナント館,"7311 テナント館","0073",事務所・市場・センター,"0073 事務所・市場・センター",
"9808","7311",テナント館,"7311 テナント館","0073",事務所・市場・センター,"0073 事務所・市場・センター",
"9810","7311",テナント館,"7311 テナント館","0073",事務所・市場・センター,"0073 事務所・市場・センター",
"9814","7311",テナント館,"7311 テナント館","0073",事務所・市場・センター,"0073 事務所・市場・センター",
"9816","7311",テナント館,"7311 テナント館","0073",事務所・市場・センター,"0073 事務所・市場・センター",
"9818","7311",テナント館,"7311 テナント館","0073",事務所・市場・センター,"0073 事務所・市場・センター",
"9820","7311",テナント館,"7311 テナント館","0073",事務所・市場・センター,"0073 事務所・市場・センター",
"9821","7311",テナント館,"7311 テナント館","0073",事務所・市場・センター,"0073 事務所・市場・センター",
"9824","7311",テナント館,"7311 テナント館","0073",事務所・市場・センター,"0073 事務所・市場・センター",
"9825","7311",テナント館,"7311 テナント館","0073",事務所・市場・センター,"0073 事務所・市場・センター",
"9830","7311",テナント館,"7311 テナント館","0073",事務所・市場・センター,"0073 事務所・市場・センター",
"9831","7311",テナント館,"7311 テナント館","0073",事務所・市場・センター,"0073 事務所・市場・センター",
"9834","7311",テナント館,"7311 テナント館","0073",事務所・市場・センター,"0073 事務所・市場・センター",
"9835","7311",テナント館,"7311 テナント館","0073",事務所・市場・センター,"0073 事務所・市場・センター",
"9836","7311",テナント館,"7311 テナント館","0073",事務所・市場・センター,"0073 事務所・市場・センター",
"9837","7311",テナント館,"7311 テナント館","0073",事務所・市場・センター,"0073 事務所・市場・センター",
"9838","7311",テナント館,"7311 テナント館","0073",事務所・市場・センター,"0073 事務所・市場・センター",
"9839","7311",テナント館,"7311 テナント館","0073",事務所・市場・センター,"0073 事務所・市場・センター",
"9840","7311",テナント館,"7311 テナント館","0073",事務所・市場・センター,"0073 事務所・市場・センター",
"9841","7311",テナント館,"7311 テナント館","0073",事務所・市場・センター,"0073 事務所・市場・センター",
"9842","7311",テナント館,"7311 テナント館","0073",事務所・市場・センター,"0073 事務所・市場・センター",
"9844","7311",テナント館,"7311 テナント館","0073",事務所・市場・センター,"0073 事務所・市場・センター",
"9846","7311",テナント館,"7311 テナント館","0073",事務所・市場・センター,"0073 事務所・市場・センター",
"9847","7311",テナント館,"7311 テナント館","0073",事務所・市場・センター,"0073 事務所・市場・センター",
"9848","7311",テナント館,"7311 テナント館","0073",事務所・市場・センター,"0073 事務所・市場・センター",
"9849","7311",テナント館,"7311 テナント館","0073",事務所・市場・センター,"0073 事務所・市場・センター",
"9850","7311",テナント館,"7311 テナント館","0073",事務所・市場・センター,"0073 事務所・市場・センター",
"9851","7311",テナント館,"7311 テナント館","0073",事務所・市場・センター,"0073 事務所・市場・センター",
"9852","7311",テナント館,"7311 テナント館","0073",事務所・市場・センター,"0073 事務所・市場・センター",
"9853","7311",テナント館,"7311 テナント館","0073",事務所・市場・センター,"0073 事務所・市場・センター",
"9854","7311",テナント館,"7311 テナント館","0073",事務所・市場・センター,"0073 事務所・市場・センター",
"9855","7311",テナント館,"7311 テナント館","0073",事務所・市場・センター,"0073 事務所・市場・センター",
"9856","7311",テナント館,"7311 テナント館","0073",事務所・市場・センター,"0073 事務所・市場・センター",
"9986",,,,,,,
"9987",,,,,,,
"9988",,,,,,,
"9801","7312",不動産管理物件,"7312 不動産管理物件","0073",事務所・市場・センター,"0073 事務所・市場・センター",
"9513","7321",精肉センター,"7321 精肉センター","0073",事務所・市場・センター,"0073 事務所・市場・センター",
"9514","7321",精肉センター,"7321 精肉センター","0073",事務所・市場・センター,"0073 事務所・市場・センター",
"9515","7321",精肉センター,"7321 精肉センター","0073",事務所・市場・センター,"0073 事務所・市場・センター",
"9516","7321",精肉センター,"7321 精肉センター","0073",事務所・市場・センター,"0073 事務所・市場・センター",
"9530","7321",精肉センター,"7321 精肉センター","0073",事務所・市場・センター,"0073 事務所・市場・センター",
"9532","7321",精肉センター,"7321 精肉センター","0073",事務所・市場・センター,"0073 事務所・市場・センター",
"9595","7321",精肉センター,"7321 精肉センター","0073",事務所・市場・センター,"0073 事務所・市場・センター",
"9446","7322",青果市場,"7322 青果市場","0073",事務所・市場・センター,"0073 事務所・市場・センター","9446 ｳﾗﾜｾｲｶｼｼﾞﾖｳ    "
"9447","7322",青果市場,"7322 青果市場","0073",事務所・市場・センター,"0073 事務所・市場・センター","9447 ｾﾞﾝﾉｳｾｲｶｼｼﾞﾖｳ  "
"9451","7322",青果市場,"7322 青果市場","0073",事務所・市場・センター,"0073 事務所・市場・センター",
"9452","7322",青果市場,"7322 青果市場","0073",事務所・市場・センター,"0073 事務所・市場・センター","9452 ｵｵﾀﾀﾞｲｲﾁｾｲｶｼｼﾞﾖ"
"9453","7322",青果市場,"7322 青果市場","0073",事務所・市場・センター,"0073 事務所・市場・センター","9453 ｷﾀｱﾀﾞﾁｾｲｶｼｼﾞﾖｳ "
"9454","7322",青果市場,"7322 青果市場","0073",事務所・市場・センター,"0073 事務所・市場・センター","9454 ﾁﾊﾞｾｲｶｼｼﾞﾖｳ    "
"9458","7322",青果市場,"7322 青果市場","0073",事務所・市場・センター,"0073 事務所・市場・センター","9458 ﾄﾖｽｾｲｶｼｼﾞﾖｳ    "
"9501","7322",青果市場,"7322 青果市場","0073",事務所・市場・センター,"0073 事務所・市場・センター",
"9502","7322",青果市場,"7322 青果市場","0073",事務所・市場・センター,"0073 事務所・市場・センター","9502 ﾖｺﾊﾏｾｲｶｼｼﾞﾖｳ   "
"9503","7322",青果市場,"7322 青果市場","0073",事務所・市場・センター,"0073 事務所・市場・センター",
"9504","7322",青果市場,"7322 青果市場","0073",事務所・市場・センター,"0073 事務所・市場・センター","9504 ﾀﾏｾｲｶｼｼﾞﾖｳ     "
"9538","7322",青果市場,"7322 青果市場","0073",事務所・市場・センター,"0073 事務所・市場・センター",
"9539","7322",青果市場,"7322 青果市場","0073",事務所・市場・センター,"0073 事務所・市場・センター",
"9540","7322",青果市場,"7322 青果市場","0073",事務所・市場・センター,"0073 事務所・市場・センター",
"9541","7322",青果市場,"7322 青果市場","0073",事務所・市場・センター,"0073 事務所・市場・センター",
"9544","7322",青果市場,"7322 青果市場","0073",事務所・市場・センター,"0073 事務所・市場・センター",
"9545","7322",青果市場,"7322 青果市場","0073",事務所・市場・センター,"0073 事務所・市場・センター",
"9546","7322",青果市場,"7322 青果市場","0073",事務所・市場・センター,"0073 事務所・市場・センター",
"9547","7322",青果市場,"7322 青果市場","0073",事務所・市場・センター,"0073 事務所・市場・センター",
"9598","7322",青果市場,"7322 青果市場","0073",事務所・市場・センター,"0073 事務所・市場・センター",
"9626","7322",青果市場,"7322 青果市場","0073",事務所・市場・センター,"0073 事務所・市場・センター","9626 ｾﾞﾝﾉｳPｾｲｶｾﾝﾀ-  "
"9456","7323",鮮魚センター,"7323 鮮魚センター","0073",事務所・市場・センター,"0073 事務所・市場・センター",
"9457","7323",鮮魚センター,"7323 鮮魚センター","0073",事務所・市場・センター,"0073 事務所・市場・センター","9457 ﾄﾖｽｾﾝｷﾞﾖｼｼﾞﾖｳ  "
"9511","7323",鮮魚センター,"7323 鮮魚センター","0073",事務所・市場・センター,"0073 事務所・市場・センター",
"9512","7323",鮮魚センター,"7323 鮮魚センター","0073",事務所・市場・センター,"0073 事務所・市場・センター",
"9526","7323",鮮魚センター,"7323 鮮魚センター","0073",事務所・市場・センター,"0073 事務所・市場・センター",
"9527","7323",鮮魚センター,"7323 鮮魚センター","0073",事務所・市場・センター,"0073 事務所・市場・センター",
"9304","7324",リベート店,"7324 リベート店","0073",事務所・市場・センター,"0073 事務所・市場・センター",
"9305","7324",リベート店,"7324 リベート店","0073",事務所・市場・センター,"0073 事務所・市場・センター",
"9597","7325",物流センター,"7325 物流センター","0073",事務所・市場・センター,"0073 事務所・市場・センター",
"9517","7328",検収店,"7328 検収店","0073",事務所・市場・センター,"0073 事務所・市場・センター",
"9531","7328",検収店,"7328 検収店","0073",事務所・市場・センター,"0073 事務所・市場・センター",
"9533","7328",検収店,"7328 検収店","0073",事務所・市場・センター,"0073 事務所・市場・センター",
"9550","7328",検収店,"7328 検収店","0073",事務所・市場・センター,"0073 事務所・市場・センター",
"9573","7328",検収店,"7328 検収店","0073",事務所・市場・センター,"0073 事務所・市場・センター","9573 ﾏﾙｴﾂｷﾞﾌﾄｾﾝﾀ-ｹﾝｼ"
"9509","7329",ベーカリー・デリカセンター,"7329 ベーカリー・デリカセンター","0073",事務所・市場・センター,"0073 事務所・市場・センター",
"9625","7329",ベーカリー・デリカセンター,"7329 ベーカリー・デリカセンター","0073",事務所・市場・センター,"0073 事務所・市場・センター","9625 ﾌﾄﾞｳﾏｴﾍﾞ-ｶﾘ-ｾﾝﾀ"
"9508","7399",閉鎖センター,"7399 閉鎖センター","0073",事務所・市場・センター,"0073 事務所・市場・センター",
"9627","7329",ベーカリー・デリカセンター,"7329 ベーカリー・デリカセンター","0073",事務所・市場・センター,"0073 事務所・市場・センター","9627 ﾄｳﾜﾍﾞ-ｶﾘ-ｾﾝﾀ-  "
"9628","7329",ベーカリー・デリカセンター,"7329 ベーカリー・デリカセンター","0073",事務所・市場・センター,"0073 事務所・市場・センター","9628 ﾄｳﾜﾃﾞﾘｶｾﾝﾀ-    "
"9534","7399",閉鎖センター,"7399 閉鎖センター","0073",事務所・市場・センター,"0073 事務所・市場・センター",
"9601","7331",横浜常温センター,"7331 横浜常温センター","0073",事務所・市場・センター,"0073 事務所・市場・センター","9601 ﾖｺﾊﾏｼﾞﾖｳｵﾝﾌﾞﾂﾘﾕ"
"9613","7331",横浜常温センター,"7331 横浜常温センター","0073",事務所・市場・センター,"0073 事務所・市場・センター","9613 ﾄﾂﾌﾟﾊﾞﾘﾕﾖｺﾊﾏｼﾞﾖ"
"9602","7332",八潮常温センター,"7332 八潮常温センター","0073",事務所・市場・センター,"0073 事務所・市場・センター","9602 ﾔｼｵｼﾞﾖｳｵﾝﾌﾞﾂﾘﾕｳ"
"9614","7332",八潮常温センター,"7332 八潮常温センター","0073",事務所・市場・センター,"0073 事務所・市場・センター","9614 ﾄﾂﾌﾟﾊﾞﾘﾕﾔｼｵｼﾞﾖｳ"
"9603","7333",川崎複合センター,"7333 川崎複合センター","0073",事務所・市場・センター,"0073 事務所・市場・センター",
"9604","7333",川崎複合センター,"7333 川崎複合センター","0073",事務所・市場・センター,"0073 事務所・市場・センター","9604 ｶﾜｻｷｾｲﾆｸｶｺｳｾﾝﾀ-"
"9605","7333",川崎複合センター,"7333 川崎複合センター","0073",事務所・市場・センター,"0073 事務所・市場・センター","9605 ｶﾜｻｷｾﾝｷﾞﾖｶｺｳｾﾝﾀ"
"9606","7333",川崎複合センター,"7333 川崎複合センター","0073",事務所・市場・センター,"0073 事務所・市場・センター","9606 ｶﾜｻｷﾃｲｵﾝﾌﾞﾂﾘﾕｳｾ"
"9607","7334",三郷複合センター,"7334 三郷複合センター","0073",事務所・市場・センター,"0073 事務所・市場・センター",
"9608","7334",三郷複合センター,"7334 三郷複合センター","0073",事務所・市場・センター,"0073 事務所・市場・センター","9608 ﾐｻﾄｾｲﾆｸｶｺｳｾﾝﾀ- "
"9609","7334",三郷複合センター,"7334 三郷複合センター","0073",事務所・市場・センター,"0073 事務所・市場・センター","9609 ﾐｻﾄｾﾝｷﾞﾖｶｺｳｾﾝﾀ-"
"9610","7334",三郷複合センター,"7334 三郷複合センター","0073",事務所・市場・センター,"0073 事務所・市場・センター","9610 ﾐｻﾄﾃｲｵﾝﾌﾞﾂﾘﾕｳｾﾝ"
"9611","7334",三郷複合センター,"7334 三郷複合センター","0073",事務所・市場・センター,"0073 事務所・市場・センター","9611 ﾐｻﾄｺｶﾞﾀﾃﾝﾃｲｵﾝﾌﾞ"
"9612","7334",三郷複合センター,"7334 三郷複合センター","0073",事務所・市場・センター,"0073 事務所・市場・センター","9612 ﾐｻﾄｺｶﾞﾀﾃﾝｼﾞﾖｳｵﾝ"
"9617","7334",三郷複合ｾﾝﾀｰ,"7334 三郷複合ｾﾝﾀｰ","0073",事務所・市場・センター,"0073 事務所・市場・センター","9617 ﾄﾂﾌﾟﾊﾞﾘﾕﾐｻﾄｺｶﾞﾀ"
"9615","7335",八千代常温センター,"7335 八千代常温センター","0073",事務所・市場・センター,"0073 事務所・市場・センター",
"9618","7343",東武ストア営業店,"7343 東武ストア営業店","0073",事務所・市場・センター,"0073 事務所・市場・センター",
"9622","7344",食品品質管理センター店,"7344 食品品質管理センター店","0073",事務所・市場・センター,"0073 事務所・市場・センター",
"9619","7345",教育センター営業店,"7345 教育センター営業店","0073",事務所・市場・センター,"0073 事務所・市場・センター","9619 Kｷﾖｳｲｸｾﾝﾀ-     "
"9966","7346",Ｌ営業店,"7346 Ｌ営業店","0073",事務所・市場・センター,"0073 事務所・市場・センター","9966 Lｱｷﾊﾊﾞﾗﾎﾝﾃﾝ    "
"9991","7351",ＭＦＦ川崎事業所,"7351 ＭＦＦ川崎事業所","0073",事務所・市場・センター,"0073 事務所・市場・センター","9991 MFFｶﾜｻｷｼﾞｷﾞﾖｳｼﾖ"
"9992","7351",ＭＦＦ川崎事業所,"7351 ＭＦＦ川崎事業所","0073",事務所・市場・センター,"0073 事務所・市場・センター",
"9993","7351",ＭＦＦ川崎事業所,"7351 ＭＦＦ川崎事業所","0073",事務所・市場・センター,"0073 事務所・市場・センター",
"9994","7352",ＭＦＦ三郷事業所,"7352 ＭＦＦ三郷事業所","0073",事務所・市場・センター,"0073 事務所・市場・センター","9994 MFFﾐｻﾄｼﾞｷﾞﾖｳｼﾖ "
"9995","7352",ＭＦＦ三郷事業所,"7352 ＭＦＦ三郷事業所","0073",事務所・市場・センター,"0073 事務所・市場・センター",
"9996","7352",ＭＦＦ三郷事業所,"7352 ＭＦＦ三郷事業所","0073",事務所・市場・センター,"0073 事務所・市場・センター",
"9981","7353",ＭＦＦデリカ事業部,"7353 ＭＦＦデリカ事業部","0073",事務所・市場・センター,"0073 事務所・市場・センター","9981 MFFﾌﾄﾞｳﾏｴﾍﾞ-ｶﾘ-"
"9982","7353",ＭＦＦデリカ事業部,"7353 ＭＦＦデリカ事業部","0073",事務所・市場・センター,"0073 事務所・市場・センター","9982 MFFﾄｳﾜﾍﾞ-ｶﾘ-ｾﾝﾀ"
"9983","7353",ＭＦＦデリカ事業部,"7353 ＭＦＦデリカ事業部","0073",事務所・市場・センター,"0073 事務所・市場・センター","9983 MFFﾄｳﾜﾃﾞﾘｶｾﾝﾀ- "
"9445","7399",閉鎖センター,"7399 閉鎖センター","0073",事務所・市場・センター,"0073 事務所・市場・センター",
"9448","7399",閉鎖センター,"7399 閉鎖センター","0073",事務所・市場・センター,"0073 事務所・市場・センター",
"9449","7399",閉鎖センター,"7399 閉鎖センター","0073",事務所・市場・センター,"0073 事務所・市場・センター",
"9455","7399",閉鎖センター,"7399 閉鎖センター","0073",事務所・市場・センター,"0073 事務所・市場・センター",
"9459","7399",閉鎖センター,"7399 閉鎖センター","0073",事務所・市場・センター,"0073 事務所・市場・センター",
"9506","7399",閉鎖センター,"7399 閉鎖センター","0073",事務所・市場・センター,"0073 事務所・市場・センター",
"9507","7399",閉鎖センター,"7399 閉鎖センター","0073",事務所・市場・センター,"0073 事務所・市場・センター",
"9518","7399",閉鎖センター,"7399 閉鎖センター","0073",事務所・市場・センター,"0073 事務所・市場・センター",
"9528","7399",閉鎖センター,"7399 閉鎖センター","0073",事務所・市場・センター,"0073 事務所・市場・センター",
"9529","7399",閉鎖センター,"7399 閉鎖センター","0073",事務所・市場・センター,"0073 事務所・市場・センター",
"9535","7399",閉鎖センター,"7399 閉鎖センター","0073",事務所・市場・センター,"0073 事務所・市場・センター",
"9536","7399",閉鎖センター,"7399 閉鎖センター","0073",事務所・市場・センター,"0073 事務所・市場・センター",
"9537","7399",閉鎖センター,"7399 閉鎖センター","0073",事務所・市場・センター,"0073 事務所・市場・センター",
"9542","7399",閉鎖センター,"7399 閉鎖センター","0073",事務所・市場・センター,"0073 事務所・市場・センター",
"9543","7399",閉鎖センター,"7399 閉鎖センター","0073",事務所・市場・センター,"0073 事務所・市場・センター",
"9548","7399",閉鎖センター,"7399 閉鎖センター","0073",事務所・市場・センター,"0073 事務所・市場・センター",
"9549","7399",閉鎖センター,"7399 閉鎖センター","0073",事務所・市場・センター,"0073 事務所・市場・センター",
"9555","7399",閉鎖センター,"7399 閉鎖センター","0073",事務所・市場・センター,"0073 事務所・市場・センター",
"9557","7399",閉鎖センター,"7399 閉鎖センター","0073",事務所・市場・センター,"0073 事務所・市場・センター",
"9558","7399",閉鎖センター,"7399 閉鎖センター","0073",事務所・市場・センター,"0073 事務所・市場・センター",
"9560","7399",閉鎖センター,"7399 閉鎖センター","0073",事務所・市場・センター,"0073 事務所・市場・センター",
"9566","7399",閉鎖センター,"7399 閉鎖センター","0073",事務所・市場・センター,"0073 事務所・市場・センター",
"9568","7399",閉鎖センター,"7399 閉鎖センター","0073",事務所・市場・センター,"0073 事務所・市場・センター",
"9570","7399",閉鎖センター,"7399 閉鎖センター","0073",事務所・市場・センター,"0073 事務所・市場・センター",
"9571","7399",閉鎖センター,"7399 閉鎖センター","0073",事務所・市場・センター,"0073 事務所・市場・センター",
"9623","7399",閉鎖センター,"7399 閉鎖センター","0073",事務所・市場・センター,"0073 事務所・市場・センター",
"9624","7399",閉鎖センター,"7399 閉鎖センター","0073",事務所・市場・センター,"0073 事務所・市場・センター",
"9125","7601",神奈川統括部,"7601 神奈川統括部","0076",マルエツ,"0076 マルエツ","9125 Mﾂﾙﾏ           "
"9127","7601",神奈川統括部,"7601 神奈川統括部","0076",マルエツ,"0076 マルエツ","9127 Mﾆｼﾔ           "
"9128","7601",神奈川統括部,"7601 神奈川統括部","0076",マルエツ,"0076 マルエツ","9128 Mｵｵｸﾗﾔﾏ        "
"9133","7601",神奈川統括部,"7601 神奈川統括部","0076",マルエツ,"0076 マルエツ","9133 Mﾋｶﾞｼｶﾅｶﾞﾜ     "
"9134","7601",神奈川統括部,"7601 神奈川統括部","0076",マルエツ,"0076 マルエツ","9134 Mｼﾎﾞｸﾞﾁ        "
"9136","7601",神奈川統括部,"7601 神奈川統括部","0076",マルエツ,"0076 マルエツ","9136 Mｲﾄﾞｶﾞﾔ        "
"9143","7601",神奈川統括部,"7601 神奈川統括部","0076",マルエツ,"0076 マルエツ","9143 Mﾑﾂｶﾜ          "
"9153","7601",神奈川統括部,"7601 神奈川統括部","0076",マルエツ,"0076 マルエツ","9153 Mｶｷｵ           "
"9156","7601",神奈川統括部,"7601 神奈川統括部","0076",マルエツ,"0076 マルエツ","9156 Mﾅｶﾊﾗ          "
"9169","7601",神奈川統括部,"7601 神奈川統括部","0076",マルエツ,"0076 マルエツ","9169 Mｶﾏﾀ           "
"9180","7601",神奈川統括部,"7601 神奈川統括部","0076",マルエツ,"0076 マルエツ","9180 Mｱﾔｾ           "
"9196","7601",神奈川統括部,"7601 神奈川統括部","0076",マルエツ,"0076 マルエツ","9196 Mﾅｾ            "
"9206","7601",神奈川統括部,"7601 神奈川統括部","0076",マルエツ,"0076 マルエツ","9206 Mｶﾜｻｷﾐﾔﾏｴ      "
"9209","7601",神奈川統括部,"7601 神奈川統括部","0076",マルエツ,"0076 マルエツ","9209 Mｵｵﾓﾘﾏﾁ        "
"9214","7601",神奈川統括部,"7601 神奈川統括部","0076",マルエツ,"0076 マルエツ","9214 Mﾁｶﾞｻｷ         "
"9217","7601",神奈川統括部,"7601 神奈川統括部","0076",マルエツ,"0076 マルエツ","9217 Mﾃﾞｷﾉ          "
"9231","7601",神奈川統括部,"7601 神奈川統括部","0076",マルエツ,"0076 マルエツ","9231 Mﾔﾏﾄﾁﾕｳｵｳ      "
"9237","7601",神奈川統括部,"7601 神奈川統括部","0076",マルエツ,"0076 マルエツ","9237 Mﾅｶｶﾞﾜｴｷﾏｴ     "
"9245","7601",神奈川統括部,"7601 神奈川統括部","0076",マルエツ,"0076 マルエツ","9245 Mｶﾜｻｷｻｶﾄﾞ      "
"9248","7601",神奈川統括部,"7601 神奈川統括部","0076",マルエツ,"0076 マルエツ","9248 Mｾﾔ            "
"9252","7601",神奈川統括部,"7601 神奈川統括部","0076",マルエツ,"0076 マルエツ","9252 Mｱｻﾋﾁﾖｳ        "
"9257","7601",神奈川統括部,"7601 神奈川統括部","0076",マルエツ,"0076 マルエツ","9257 Mﾂﾙｶﾜ          "
"9261","7601",神奈川統括部,"7601 神奈川統括部","0076",マルエツ,"0076 マルエツ","9261 Mｼﾝｺｳｼﾞﾔ       "
"9263","7601",神奈川統括部,"7601 神奈川統括部","0076",マルエツ,"0076 マルエツ","9263 Mｳﾒﾔｼｷ         "
"9283","7601",神奈川統括部,"7601 神奈川統括部","0076",マルエツ,"0076 マルエツ","9283 Mﾅｶﾂ           "
"9293","7601",神奈川統括部,"7601 神奈川統括部","0076",マルエツ,"0076 マルエツ","9293 Mｶｼﾏﾀﾞ         "
"9299","7601",神奈川統括部,"7601 神奈川統括部","0076",マルエツ,"0076 マルエツ","9299 Mﾃﾝﾉｳﾁﾖｳ       "
"9311","7601",神奈川統括部,"7601 神奈川統括部","0076",マルエツ,"0076 マルエツ","9311 Mｼｷﾉﾓﾘﾌｵﾚｵ     "
"9315","7601",神奈川統括部,"7601 神奈川統括部","0076",マルエツ,"0076 マルエツ","9315 Mｻｶﾞﾐﾉ         "
"9928",,,,,,,
"9967",,,,,,,
"9324","7601",神奈川統括部,"7601 神奈川統括部","0076",マルエツ,"0076 マルエツ","9324 Mﾋﾊﾞﾘｶﾞｵｶ      "
"9327","7601",神奈川統括部,"7601 神奈川統括部","0076",マルエツ,"0076 マルエツ","9327 Mﾏﾁﾀﾞﾂﾙｶﾜ      "
"9328","7601",神奈川統括部,"7601 神奈川統括部","0076",マルエツ,"0076 マルエツ","9328 Mｱｲｺｳｲｼﾀﾞ      "
"9970",,,,,,,
"9979",,,,,,,
"9330","7601",神奈川統括部,"7601 神奈川統括部","0076",マルエツ,"0076 マルエツ","9330 Mﾐｶｹﾞ          "
"9333","7601",神奈川統括部,"7601 神奈川統括部","0076",マルエツ,"0076 マルエツ","9333 Mｶｹﾞﾂｴﾝ        "
"9336","7601",神奈川統括部,"7601 神奈川統括部","0076",マルエツ,"0076 マルエツ","9336 Mｳﾉｷ           "
"9339","7601",神奈川統括部,"7601 神奈川統括部","0076",マルエツ,"0076 マルエツ","9339 Mｵｵﾓﾘﾋｶﾞｼ      "
"9340","7601",神奈川統括部,"7601 神奈川統括部","0076",マルエツ,"0076 マルエツ","9340 Mﾆｼｺｳｼﾞﾔ       "
"9393","7601",神奈川統括部,"7601 神奈川統括部","0076",マルエツ,"0076 マルエツ","9393 Mﾓﾄｽﾐﾖｼ        "
"9420","7601",神奈川統括部,"7601 神奈川統括部","0076",マルエツ,"0076 マルエツ","9420 Mﾄﾂｶﾏｲｵｶ       "
"9426","7601",神奈川統括部,"7601 神奈川統括部","0076",マルエツ,"0076 マルエツ","9426 Mﾅｶﾔﾏ          "
"9428","7601",神奈川統括部,"7601 神奈川統括部","0076",マルエツ,"0076 マルエツ","9428 Mｷﾖｳﾏﾁ         "
"9433","7601",神奈川統括部,"7601 神奈川統括部","0076",マルエツ,"0076 マルエツ","9433 Mﾆﾂﾀ           "
"9437","7601",神奈川統括部,"7601 神奈川統括部","0076",マルエツ,"0076 マルエツ","9437 Mﾅｶﾞﾂﾀｴｷﾏｴ     "
"9438","7601",神奈川統括部,"7601 神奈川統括部","0076",マルエツ,"0076 マルエツ","9438 Mﾑｻｼｺｽｷﾞｴｷﾏｴ   "
"9439","7601",神奈川統括部,"7601 神奈川統括部","0076",マルエツ,"0076 マルエツ","9439 Mﾀｲﾗ2ﾁﾖｳﾒ      "
"9441","7601",神奈川統括部,"7601 神奈川統括部","0076",マルエツ,"0076 マルエツ","9441 Mﾄﾂｶｵｵｻｶｼﾀ     "
"9443","7601",神奈川統括部,"7601 神奈川統括部","0076",マルエツ,"0076 マルエツ","9443 Mｲｿｺﾞ          "
"9461","7601",神奈川統括部,"7601 神奈川統括部","0076",マルエツ,"0076 マルエツ","9461 Mﾋﾗﾏ           "
"9469","7601",神奈川統括部,"7601 神奈川統括部","0076",マルエツ,"0076 マルエツ","9469 Mｼﾝｶﾜｻｷ        "
"9474","7601",神奈川統括部,"7601 神奈川統括部","0076",マルエツ,"0076 マルエツ","9474 Mｶﾗｷﾀﾞｴｷﾏｴ     "
"9482","7601",神奈川統括部,"7601 神奈川統括部","0076",マルエツ,"0076 マルエツ","9482 Mﾅｷﾞｻﾓ-ﾙﾂｼﾞﾄﾞｳ "
"9493","7601",神奈川統括部,"7601 神奈川統括部","0076",マルエツ,"0076 マルエツ","9493 Mｺｳｼﾞﾔｴｷﾏｴ     "
"9636","7601",神奈川統括部,"7601 神奈川統括部","0076",マルエツ,"0076 マルエツ","9636 Mﾐｿﾞﾉｸﾁ        "
"9642","7601",神奈川統括部,"7601 神奈川統括部","0076",マルエツ,"0076 マルエツ","9642 Mｶｶﾞﾜｴｷﾏｴ      "
"9650","7601",神奈川統括部,"7601 神奈川統括部","0076",マルエツ,"0076 マルエツ","9650 Mﾖｺﾊﾏｻｲﾄﾞ      "
"9651","7601",神奈川統括部,"7601 神奈川統括部","0076",マルエツ,"0076 マルエツ","9651 Mﾉﾎﾞﾘﾄｴｷﾏｴ     "
"9656","7601",神奈川統括部,"7601 神奈川統括部","0076",マルエツ,"0076 マルエツ","9656 Mﾑｻｼｼﾝｼﾞﾖｳ     "
"9056","7602",東京統括部,"7602 東京統括部","0076",マルエツ,"0076 マルエツ","9056 Mｵｵｲｽﾞﾐｶﾞｸｴﾝ   "
"9097","7602",東京統括部,"7602 東京統括部","0076",マルエツ,"0076 マルエツ","9097 Mﾐﾅﾐｵｵｲｽﾞﾐ     "
"9102","7602",東京統括部,"7602 東京統括部","0076",マルエツ,"0076 マルエツ","9102 Mﾋｶﾞｼｸﾙﾒ       "
"9111","7602",東京統括部,"7602 東京統括部","0076",マルエツ,"0076 マルエツ","9111 Mﾋｶﾞｼｳｴﾉ       "
"9141","7602",東京統括部,"7602 東京統括部","0076",マルエツ,"0076 マルエツ","9141 Mﾅｶｻﾞﾄ         "
"9142","7602",東京統括部,"7602 東京統括部","0076",マルエツ,"0076 マルエツ","9142 Mﾏﾅｶ           "
"9145","7602",東京統括部,"7602 東京統括部","0076",マルエツ,"0076 マルエツ","9145 Mｵﾚﾝｼﾞｺ-ﾄ      "
"9149","7602",東京統括部,"7602 東京統括部","0076",マルエツ,"0076 マルエツ","9149 Mｷﾝｼﾁﾖｳ        "
"9160","7602",東京統括部,"7602 東京統括部","0076",マルエツ,"0076 マルエツ","9160 Mﾀｶﾞﾗ          "
"9184","7602",東京統括部,"7602 東京統括部","0076",マルエツ,"0076 マルエツ","9184 Mﾀﾅｼﾆｼﾊﾗ       "
"9185","7602",東京統括部,"7602 東京統括部","0076",マルエツ,"0076 マルエツ","9185 Mﾆｼｱﾗｲ         "
"9193","7602",東京統括部,"7602 東京統括部","0076",マルエツ,"0076 マルエツ","9193 Mｱﾀﾞﾁｲﾘﾔ       "
"9211","7602",東京統括部,"7602 東京統括部","0076",マルエツ,"0076 マルエツ","9211 Mｷﾖｾﾅｶｻﾞﾄ      "
"9213","7602",東京統括部,"7602 東京統括部","0076",マルエツ,"0076 マルエツ","9213 Mﾈﾘﾏﾀｶﾏﾂ       "
"9222","7602",東京統括部,"7602 東京統括部","0076",マルエツ,"0076 マルエツ","9222 Mｵﾀﾞｲﾊﾞ        "
"9224","7602",東京統括部,"7602 東京統括部","0076",マルエツ,"0076 マルエツ","9224 Mﾑｻｼｽﾅｶﾞﾜ      "
"9234","7602",東京統括部,"7602 東京統括部","0076",マルエツ,"0076 マルエツ","9234 Mｳｷﾏﾌﾅﾄﾞ       "
"9246","7602",東京統括部,"7602 東京統括部","0076",マルエツ,"0076 マルエツ","9246 Mﾄｸﾗ           "
"9253","7602",東京統括部,"7602 東京統括部","0076",マルエツ,"0076 マルエツ","9253 Mｺｸﾘﾖｳ         "
"9255","7602",東京統括部,"7602 東京統括部","0076",マルエツ,"0076 マルエツ","9255 Mﾁﾖｳﾌ          "
"9269","7602",東京統括部,"7602 東京統括部","0076",マルエツ,"0076 マルエツ","9269 Mｼｵﾐ           "
"9275","7602",東京統括部,"7602 東京統括部","0076",マルエツ,"0076 マルエツ","9275 Mﾂｸﾀﾞ          "
"9968",,,,,,,
"9969",,,,,,,
"9290","7602",東京統括部,"7602 東京統括部","0076",マルエツ,"0076 マルエツ","9290 Mﾀﾊﾞﾀ          "
"9294","7602",東京統括部,"7602 東京統括部","0076",マルエツ,"0076 マルエツ","9294 Mｺｸﾌﾞﾝｼﾞﾐﾅﾐｸﾞﾁ "
"9320","7602",東京統括部,"7602 東京統括部","0076",マルエツ,"0076 マルエツ","9320 Mｷﾖｽﾐｼﾗｶﾜ      "
"9321","7602",東京統括部,"7602 東京統括部","0076",マルエツ,"0076 マルエツ","9321 Mｺｳﾅﾝﾜ-ﾙﾄﾞｼﾃｲ  "
"9980",,,,,,,
"9322","7602",東京統括部,"7602 東京統括部","0076",マルエツ,"0076 マルエツ","9322 Mﾅｶﾉｼﾝﾊﾞｼ      "
"9332","7602",東京統括部,"7602 東京統括部","0076",マルエツ,"0076 マルエツ","9332 Mﾌﾀｺﾀﾏｶﾞﾜ      "
"9337","7602",東京統括部,"7602 東京統括部","0076",マルエツ,"0076 マルエツ","9337 Mﾆｼﾆﾂﾎﾟﾘ       "
"9338","7602",東京統括部,"7602 東京統括部","0076",マルエツ,"0076 マルエツ","9338 Mﾘﾖｳｺﾞｸｶﾒｻﾞﾜ   "
"9341","7602",東京統括部,"7602 東京統括部","0076",マルエツ,"0076 マルエツ","9341 Mﾖﾂﾊﾞ          "
"9342","7602",東京統括部,"7602 東京統括部","0076",マルエツ,"0076 マルエツ","9342 Mﾅﾘﾏｽﾀﾞﾝﾁ      "
"9343","7602",東京統括部,"7602 東京統括部","0076",マルエツ,"0076 マルエツ","9343 Mｶﾁﾄﾞｷ6ﾁﾖｳﾒ    "
"9377","7602",東京統括部,"7602 東京統括部","0076",マルエツ,"0076 マルエツ","9377 Mｲｺｳ           "
"9381","7602",東京統括部,"7602 東京統括部","0076",マルエツ,"0076 マルエツ","9381 Mﾎｳﾔｽﾐﾖｼ       "
"9390","7602",東京統括部,"7602 東京統括部","0076",マルエツ,"0076 マルエツ","9390 Mﾆｼｼﾝｼﾞﾕｸ6ﾁﾖｳﾒ "
"9391","7602",東京統括部,"7602 東京統括部","0076",マルエツ,"0076 マルエツ","9391 Mﾅｶﾉﾜｶﾐﾔ       "
"9394","7602",東京統括部,"7602 東京統括部","0076",マルエツ,"0076 マルエツ","9394 Mﾅﾘﾏｽﾐﾅﾐｸﾞﾁ    "
"9405","7602",東京統括部,"7602 東京統括部","0076",マルエツ,"0076 マルエツ","9405 Mｲﾀﾊﾞｼｴｷﾏｴ     "
"9410","7602",東京統括部,"7602 東京統括部","0076",マルエツ,"0076 マルエツ","9410 Mｲﾁｶﾞﾔﾐﾂｹ      "
"9418","7602",東京統括部,"7602 東京統括部","0076",マルエツ,"0076 マルエツ","9418 Mｼﾝｼﾞﾕｸ6ﾁﾖｳﾒ   "
"9431","7602",東京統括部,"7602 東京統括部","0076",マルエツ,"0076 マルエツ","9431 Mｼﾝｴｺﾞﾀｴｷﾏｴ    "
"9435","7602",東京統括部,"7602 東京統括部","0076",マルエツ,"0076 マルエツ","9435 Mｱｶﾊﾞﾈﾀﾞｲ      "
"9464","7602",東京統括部,"7602 東京統括部","0076",マルエツ,"0076 マルエツ","9464 Mﾖﾖｷﾞｳｴﾊﾗ      "
"9470","7602",東京統括部,"7602 東京統括部","0076",マルエツ,"0076 マルエツ","9470 Mﾄﾋﾞﾀｷﾕｳ       "
"9471","7602",東京統括部,"7602 東京統括部","0076",マルエツ,"0076 マルエツ","9471 Mｱﾗｲﾔｸｼﾏｴ      "
"9479","7602",東京統括部,"7602 東京統括部","0076",マルエツ,"0076 マルエツ","9479 Mｷｸｶﾜ          "
"9483","7602",東京統括部,"7602 東京統括部","0076",マルエツ,"0076 マルエツ","9483 Mﾊﾙﾐｻﾝﾁﾖｳﾒ     "
"9489","7602",東京統括部,"7602 東京統括部","0076",マルエツ,"0076 マルエツ","9489 Mﾋｶﾞｼｺｶﾞﾈｲｴｷｷﾀｸ"
"9638","7602",東京統括部,"7602 東京統括部","0076",マルエツ,"0076 マルエツ","9638 Mﾄﾘﾂｶｾｲｴｷﾏｴ    "
"9644","7602",東京統括部,"7602 東京統括部","0076",マルエツ,"0076 マルエツ","9644 Mｴﾄﾞｶﾞﾜﾊﾞｼ     "
"9645","7602",東京統括部,"7602 東京統括部","0076",マルエツ,"0076 マルエツ","9645 Mﾒｸﾞﾛ          "
"9646","7602",東京統括部,"7602 東京統括部","0076",マルエツ,"0076 マルエツ","9646 Mｱｻｸｻﾖﾝﾁﾖｳﾒ    "
"9648","7602",東京統括部,"7602 東京統括部","0076",マルエツ,"0076 マルエツ","9648 Mﾌﾟﾗｳﾄﾞｼﾃｲｷﾁｼﾞﾖ"
"9655","7602",東京統括部,"7602 東京統括部","0076",マルエツ,"0076 マルエツ","9655 Mｶｽｶﾞｴｷﾏｴ      "
"9659","7602",東京統括部,"7602 東京統括部","0076",マルエツ,"0076 マルエツ","9659 Mｲﾀﾊﾞｼﾐﾅﾐﾁﾖｳ   "
"9001","7603",埼玉統括部,"7603 埼玉統括部","0076",マルエツ,"0076 マルエツ","9001 Mｷﾀｳﾗﾜﾋｶﾞｼｸﾞﾁ  "
"9003","7603",埼玉統括部,"7603 埼玉統括部","0076",マルエツ,"0076 マルエツ","9003 Mﾜﾗﾋﾞ          "
"9008","7603",埼玉統括部,"7603 埼玉統括部","0076",マルエツ,"0076 マルエツ","9008 Mｵｵﾅﾘ          "
"9025","7603",埼玉統括部,"7603 埼玉統括部","0076",マルエツ,"0076 マルエツ","9025 Mﾋｶﾞｼｵｵﾐﾔ      "
"9029","7603",埼玉統括部,"7603 埼玉統括部","0076",マルエツ,"0076 マルエツ","9029 Mｱｻｶ           "
"9038","7603",埼玉統括部,"7603 埼玉統括部","0076",マルエツ,"0076 マルエツ","9038 Mｶﾞﾓｳ          "
"9041","7603",埼玉統括部,"7603 埼玉統括部","0076",マルエツ,"0076 マルエツ","9041 Mﾏﾂﾊﾞﾗ         "
"9047","7603",埼玉統括部,"7603 埼玉統括部","0076",マルエツ,"0076 マルエツ","9047 Mｲﾁﾉﾜﾘ         "
"9048","7603",埼玉統括部,"7603 埼玉統括部","0076",マルエツ,"0076 マルエツ","9048 Mﾐﾊｼ           "
"9049","7603",埼玉統括部,"7603 埼玉統括部","0076",マルエツ,"0076 マルエツ","9049 Mｳﾗﾜｵｵｸﾎﾞ      "
"9054","7603",埼玉統括部,"7603 埼玉統括部","0076",マルエツ,"0076 マルエツ","9054 Mﾆｼｶﾜｸﾞﾁﾋｶﾞｼｸﾁ "
"9063","7603",埼玉統括部,"7603 埼玉統括部","0076",マルエツ,"0076 マルエツ","9063 Mｵｵﾐﾔｵｵﾜﾀﾞ     "
"9103","7603",埼玉統括部,"7603 埼玉統括部","0076",マルエツ,"0076 マルエツ","9103 Mｲﾙﾏｶﾞﾜ        "
"9106","7603",埼玉統括部,"7603 埼玉統括部","0076",マルエツ,"0076 マルエツ","9106 Mﾓﾄｺﾞｳ         "
"9108","7603",埼玉統括部,"7603 埼玉統括部","0076",マルエツ,"0076 マルエツ","9108 Mﾔﾅｷﾞｻｷ        "
"9110","7603",埼玉統括部,"7603 埼玉統括部","0076",マルエツ,"0076 マルエツ","9110 Mﾐﾅﾐｳﾗﾜﾋｶﾞｼｸﾞﾁ "
"9165","7603",埼玉統括部,"7603 埼玉統括部","0076",マルエツ,"0076 マルエツ","9165 Mﾚﾝｼﾞﾔｸﾁﾖｳ     "
"9167","7603",埼玉統括部,"7603 埼玉統括部","0076",マルエツ,"0076 マルエツ","9167 Mﾖﾉ            "
"9168","7603",埼玉統括部,"7603 埼玉統括部","0076",マルエツ,"0076 マルエツ","9168 Mﾋｶﾞｼｶﾜｸﾞﾁ     "
"9170","7603",埼玉統括部,"7603 埼玉統括部","0076",マルエツ,"0076 マルエツ","9170 Mﾐｽﾞﾎﾀﾞｲ       "
"9172","7603",埼玉統括部,"7603 埼玉統括部","0076",マルエツ,"0076 マルエツ","9172 Mｲﾅ            "
"9971",,,,,,,"9971 MFFｷﾞﾖｳﾑﾌﾞ     "
"9173","7603",埼玉統括部,"7603 埼玉統括部","0076",マルエツ,"0076 マルエツ","9173 Mｿｳｶｲﾅﾘ        "
"9179","7603",埼玉統括部,"7603 埼玉統括部","0076",マルエツ,"0076 マルエツ","9179 Mﾑｻｼｳﾗﾜ        "
"9182","7603",埼玉統括部,"7603 埼玉統括部","0076",マルエツ,"0076 マルエツ","9182 Mｱｹﾞｵｲﾄﾞｷ      "
"9195","7603",埼玉統括部,"7603 埼玉統括部","0076",マルエツ,"0076 マルエツ","9195 Mﾋｶﾞｼﾓﾝｾﾞﾝ     "
"9219","7603",埼玉統括部,"7603 埼玉統括部","0076",マルエツ,"0076 マルエツ","9219 Mｵﾔﾏ           "
"9226","7603",埼玉統括部,"7603 埼玉統括部","0076",マルエツ,"0076 マルエツ","9226 Mﾊｽﾀﾞﾂﾊﾞｷﾔﾏ    "
"9229","7603",埼玉統括部,"7603 埼玉統括部","0076",マルエツ,"0076 マルエツ","9229 Mｱﾝｷﾞﾖｳｷﾀﾔ     "
"9235","7603",埼玉統括部,"7603 埼玉統括部","0076",マルエツ,"0076 マルエツ","9235 Mｱﾝｷﾞﾖｳｼﾞﾘﾝ    "
"9236","7603",埼玉統括部,"7603 埼玉統括部","0076",マルエツ,"0076 マルエツ","9236 Mｵｵﾐﾔｽﾅﾏﾁ      "
"9244","7603",埼玉統括部,"7603 埼玉統括部","0076",マルエツ,"0076 マルエツ","9244 Mﾜﾗﾋﾞｷﾀﾏﾁ      "
"9247","7603",埼玉統括部,"7603 埼玉統括部","0076",マルエツ,"0076 マルエツ","9247 Mｶｽｶﾍﾞﾐﾄﾞﾘﾁﾖｳ  "
"9249","7603",埼玉統括部,"7603 埼玉統括部","0076",マルエツ,"0076 マルエツ","9249 Mｼﾊﾞﾂｶﾊﾗ       "
"9254","7603",埼玉統括部,"7603 埼玉統括部","0076",マルエツ,"0076 マルエツ","9254 Mｲﾜｲ           "
"9266","7603",埼玉統括部,"7603 埼玉統括部","0076",マルエツ,"0076 マルエツ","9266 Mｼﾗｸﾜ          "
"9285","7603",埼玉統括部,"7603 埼玉統括部","0076",マルエツ,"0076 マルエツ","9285 Mｻｼﾞｶﾜ         "
"9286","7603",埼玉統括部,"7603 埼玉統括部","0076",マルエツ,"0076 マルエツ","9286 Mｸｷ            "
"9297","7603",埼玉統括部,"7603 埼玉統括部","0076",マルエツ,"0076 マルエツ","9297 Mﾄｺﾛｻﾞﾜﾐﾕｷﾁﾖｳ  "
"9298","7603",埼玉統括部,"7603 埼玉統括部","0076",マルエツ,"0076 マルエツ","9298 Mｿｳｶﾔﾜﾀ        "
"9313","7603",埼玉統括部,"7603 埼玉統括部","0076",マルエツ,"0076 マルエツ","9313 Mﾐｻﾄﾁﾕｳｵｳ      "
"9316","7603",埼玉統括部,"7603 埼玉統括部","0076",マルエツ,"0076 マルエツ","9316 Mｻﾂﾃｶﾐﾀｶﾉ      "
"9319","7603",埼玉統括部,"7603 埼玉統括部","0076",マルエツ,"0076 マルエツ","9319 Mｶﾜｸﾞﾁｷﾕﾎﾟﾗ    "
"9331","7603",埼玉統括部,"7603 埼玉統括部","0076",マルエツ,"0076 マルエツ","9331 Mｶﾐｱｵｷ         "
"9335","7603",埼玉統括部,"7603 埼玉統括部","0076",マルエツ,"0076 マルエツ","9335 Mｵｵﾐﾔﾌﾟﾗｻﾞ     "
"9375","7603",埼玉統括部,"7603 埼玉統括部","0076",マルエツ,"0076 マルエツ","9375 Mｺｼｶﾞﾔﾚｲｸﾀｳﾝ   "
"9380","7603",埼玉統括部,"7603 埼玉統括部","0076",マルエツ,"0076 マルエツ","9380 Mﾅﾘｱﾑｻｼｳﾗﾜ     "
"9387","7603",埼玉統括部,"7603 埼玉統括部","0076",マルエツ,"0076 マルエツ","9387 Mｱｻｶﾐｿﾞﾇﾏ      "
"9392","7603",埼玉統括部,"7603 埼玉統括部","0076",マルエツ,"0076 マルエツ","9392 Mｲﾜﾂｷｴｷﾏｴ      "
"9395","7603",埼玉統括部,"7603 埼玉統括部","0076",マルエツ,"0076 マルエツ","9395 Mﾄﾀﾞﾋｶﾜﾁﾖｳ     "
"9396","7603",埼玉統括部,"7603 埼玉統括部","0076",マルエツ,"0076 マルエツ","9396 Mﾄﾖﾊﾙ          "
"9397","7603",埼玉統括部,"7603 埼玉統括部","0076",マルエツ,"0076 マルエツ","9397 Mﾆｼｵｵﾐﾔｴｷﾏｴ    "
"9468","7603",埼玉統括部,"7603 埼玉統括部","0076",マルエツ,"0076 マルエツ","9468 Mｵｵﾐﾔ          "
"9487","7603",埼玉統括部,"7603 埼玉統括部","0076",マルエツ,"0076 マルエツ","9487 Mﾐﾅﾐﾖﾉｴｷ       "
"9491","7603",埼玉統括部,"7603 埼玉統括部","0076",マルエツ,"0076 マルエツ","9491 Mｱﾏﾇﾏ          "
"9637","7603",埼玉統括部,"7603 埼玉統括部","0076",マルエツ,"0076 マルエツ","9637 Mｱｸﾛｽﾌﾟﾗｻﾞｻｶﾄﾞ "
"9641","7603",埼玉統括部,"7603 埼玉統括部","0076",マルエツ,"0076 マルエツ","9641 Mｼｷｻｲﾜｲﾁﾖｳ     "
"9664","7603",埼玉統括部,"7603 埼玉統括部","0076",マルエツ,"0076 マルエツ","9664 Mｶﾜｸﾞﾁｼﾞﾕﾓ-ﾙﾌﾟﾗ"
"9051","7604",千葉統括部,"7604 千葉統括部","0076",マルエツ,"0076 マルエツ","9051 Mﾅﾗｼﾉ          "
"9064","7604",千葉統括部,"7604 千葉統括部","0076",マルエツ,"0076 マルエツ","9064 Mﾀｶﾈﾀﾞｲ        "
"9076","7604",千葉統括部,"7604 千葉統括部","0076",マルエツ,"0076 マルエツ","9076 Mﾌﾀﾜﾑｺｳﾀﾞｲ     "
"9077","7604",千葉統括部,"7604 千葉統括部","0076",マルエツ,"0076 マルエツ","9077 Mﾐﾅﾐﾔﾜﾀ        "
"9082","7604",千葉統括部,"7604 千葉統括部","0076",マルエツ,"0076 マルエツ","9082 Mｻｶｴﾁﾖｳ        "
"9083","7604",千葉統括部,"7604 千葉統括部","0076",マルエツ,"0076 マルエツ","9083 Mﾋｶﾞｼﾅﾗｼﾉ      "
"9086","7604",千葉統括部,"7604 千葉統括部","0076",マルエツ,"0076 マルエツ","9086 Mｶﾏｶﾞﾔﾀﾞｲﾌﾞﾂ   "
"9089","7604",千葉統括部,"7604 千葉統括部","0076",マルエツ,"0076 マルエツ","9089 Mﾀｶﾂｶ          "
"9090","7604",千葉統括部,"7604 千葉統括部","0076",マルエツ,"0076 マルエツ","9090 Mﾐﾔｿﾞﾉ         "
"9091","7604",千葉統括部,"7604 千葉統括部","0076",マルエツ,"0076 マルエツ","9091 Mｶﾐﾎﾝｺﾞｳ       "
"9092","7604",千葉統括部,"7604 千葉統括部","0076",マルエツ,"0076 マルエツ","9092 Mｺｶﾞﾈﾊﾗ        "
"9094","7604",千葉統括部,"7604 千葉統括部","0076",マルエツ,"0076 マルエツ","9094 Mﾊﾂｲｼ          "
"9096","7604",千葉統括部,"7604 千葉統括部","0076",マルエツ,"0076 マルエツ","9096 Mｷﾀﾏﾂﾄﾞ        "
"9099","7604",千葉統括部,"7604 千葉統括部","0076",マルエツ,"0076 マルエツ","9099 Mｷﾞﾖｳﾄｸ        "
"9100","7604",千葉統括部,"7604 千葉統括部","0076",マルエツ,"0076 マルエツ","9100 Mｶｻｲ           "
"9146","7604",千葉統括部,"7604 千葉統括部","0076",マルエツ,"0076 マルエツ","9146 Mﾄｳﾜ           "
"9150","7604",千葉統括部,"7604 千葉統括部","0076",マルエツ,"0076 マルエツ","9150 Mﾋｶﾞｼｼﾝｺｲﾜ     "
"9157","7604",千葉統括部,"7604 千葉統括部","0076",マルエツ,"0076 マルエツ","9157 Mｶｻｲｸﾘ-ﾝﾀｳﾝ    "
"9159","7604",千葉統括部,"7604 千葉統括部","0076",マルエツ,"0076 マルエツ","9159 Mﾆｼｼﾛｲ         "
"9164","7604",千葉統括部,"7604 千葉統括部","0076",マルエツ,"0076 マルエツ","9164 Mﾏﾂｴ           "
"9171","7604",千葉統括部,"7604 千葉統括部","0076",マルエツ,"0076 マルエツ","9171 Mｼﾛｲ           "
"9174","7604",千葉統括部,"7604 千葉統括部","0076",マルエツ,"0076 マルエツ","9174 Mｺｸﾌﾞﾝｼﾞﾀﾞｲ    "
"9175","7604",千葉統括部,"7604 千葉統括部","0076",マルエツ,"0076 マルエツ","9175 Mｺﾊﾞﾔｼ         "
"9176","7604",千葉統括部,"7604 千葉統括部","0076",マルエツ,"0076 マルエツ","9176 Mｳﾗﾔｽ          "
"9183","7604",千葉統括部,"7604 千葉統括部","0076",マルエツ,"0076 マルエツ","9183 Mｷﾀｶｼﾜ         "
"9187","7604",千葉統括部,"7604 千葉統括部","0076",マルエツ,"0076 マルエツ","9187 Mｲﾁｶﾜｵｵﾉ       "
"9188","7604",千葉統括部,"7604 千葉統括部","0076",マルエツ,"0076 マルエツ","9188 Mｱｼﾞｷ          "
"9194","7604",千葉統括部,"7604 千葉統括部","0076",マルエツ,"0076 マルエツ","9194 Mﾅﾘﾀﾆﾕ-ﾀｳﾝ     "
"9197","7604",千葉統括部,"7604 千葉統括部","0076",マルエツ,"0076 マルエツ","9197 Mｶﾅｽｷﾞ         "
"9200","7604",千葉統括部,"7604 千葉統括部","0076",マルエツ,"0076 マルエツ","9200 Mｼﾝｼｽﾞ         "
"9227","7604",千葉統括部,"7604 千葉統括部","0076",マルエツ,"0076 マルエツ","9227 Mﾃﾝﾉｳﾀﾞｲ       "
"9228","7604",千葉統括部,"7604 千葉統括部","0076",マルエツ,"0076 マルエツ","9228 Mﾏｷﾉﾊﾗ         "
"9238","7604",千葉統括部,"7604 千葉統括部","0076",マルエツ,"0076 マルエツ","9238 Mﾋｶﾞｼｽｶﾞﾉ      "
"9239","7604",千葉統括部,"7604 千葉統括部","0076",マルエツ,"0076 マルエツ","9239 Mｿｶﾞﾐﾅﾐﾁﾖｳ     "
"9240","7604",千葉統括部,"7604 千葉統括部","0076",マルエツ,"0076 マルエツ","9240 Mｼﾝﾂｶﾞ         "
"9243","7604",千葉統括部,"7604 千葉統括部","0076",マルエツ,"0076 マルエツ","9243 Mｲﾅｹﾞ          "
"9250","7604",千葉統括部,"7604 千葉統括部","0076",マルエツ,"0076 マルエツ","9250 Mﾔﾁﾖﾁﾕｳｵｳｴｷﾏｴ  "
"9251","7604",千葉統括部,"7604 千葉統括部","0076",マルエツ,"0076 マルエツ","9251 Mﾔｷﾞﾘｴｷﾏｴ      "
"9256","7604",千葉統括部,"7604 千葉統括部","0076",マルエツ,"0076 マルエツ","9256 Mﾂﾀﾞﾇﾏﾐﾅﾐ      "
"9258","7604",千葉統括部,"7604 千葉統括部","0076",マルエツ,"0076 マルエツ","9258 Mｼﾓｳｻﾅｶﾔﾏ      "
"9271","7604",千葉統括部,"7604 千葉統括部","0076",マルエツ,"0076 マルエツ","9271 Mﾁﾊﾞｻｲﾜｲﾁﾖｳ    "
"9280","7604",千葉統括部,"7604 千葉統括部","0076",マルエツ,"0076 マルエツ","9280 Mﾏｺﾞﾒｻﾞﾜ       "
"9295","7604",千葉統括部,"7604 千葉統括部","0076",マルエツ,"0076 マルエツ","9295 Mｲﾁｶﾜｽｶﾞﾉ      "
"9312","7604",千葉統括部,"7604 千葉統括部","0076",マルエツ,"0076 マルエツ","9312 Mﾋｶﾞｼﾅｶﾔﾏ      "
"9314","7604",千葉統括部,"7604 千葉統括部","0076",マルエツ,"0076 マルエツ","9314 Mﾐﾔﾉｷﾞ         "
"9376","7604",千葉統括部,"7604 千葉統括部","0076",マルエツ,"0076 マルエツ","9376 Mｷﾞﾖｳﾄｸｴｷﾏｴ    "
"9386","7604",千葉統括部,"7604 千葉統括部","0076",マルエツ,"0076 マルエツ","9386 Mｶﾅﾏﾁ          "
"9434","7604",千葉統括部,"7604 千葉統括部","0076",マルエツ,"0076 マルエツ","9434 Mﾋｶﾞｼﾏﾂﾄﾞｴｷ    "
"9442","7604",千葉統括部,"7604 千葉統括部","0076",マルエツ,"0076 マルエツ","9442 ｶﾒｱﾘ           "
"9486","7604",千葉統括部,"7604 千葉統括部","0076",マルエツ,"0076 マルエツ","9486 Mｶｼﾜｴｷﾋｶﾞｼｸﾞﾁ  "
"9490","7604",千葉統括部,"7604 千葉統括部","0076",マルエツ,"0076 マルエツ","9490 Mﾐﾅﾐｷﾞﾖｳﾄｸ     "
"9631","7604",千葉統括部,"7604 千葉統括部","0076",マルエツ,"0076 マルエツ","9631 Mｵｵｸﾎﾞｴｷﾏｴ     "
"9639","7604",千葉統括部,"7604 千葉統括部","0076",マルエツ,"0076 マルエツ","9639 Mﾌｵﾚｽﾄﾓ-ﾙｲﾝｻﾞｲﾏ"
"9640","7604",千葉統括部,"7604 千葉統括部","0076",マルエツ,"0076 マルエツ","9640 Mﾅｶﾞﾚﾔﾏｵｵﾀｶﾉﾓﾘ "
"9652","7604",千葉統括部,"7604 千葉統括部","0076",マルエツ,"0076 マルエツ","9652 Mﾌﾅﾊﾞｼﾐﾔﾏ      "
"9654","7604",千葉統括部,"7604 千葉統括部","0076",マルエツ,"0076 マルエツ","9654 Mｲﾁﾉｴｴｷﾏｴ      "
"9259","7701",マルエツ プチ,"7701 マルエツ プチ","0077",都心店統括部,"0077 都心店統括部","9259 Mｼﾝｵｵﾂｶ        "
"9264","7701",マルエツ プチ,"7701 マルエツ プチ","0077",都心店統括部,"0077 都心店統括部","9264 Mﾋｶﾞｼﾆﾂﾎﾟﾘ     "
"9267","7701",マルエツ プチ,"7701 マルエツ プチ","0077",都心店統括部,"0077 都心店統括部","9267 Mｶﾝﾅｲ          "
"9278","7701",マルエツ プチ,"7701 マルエツ プチ","0077",都心店統括部,"0077 都心店統括部","9278 Mﾔﾏﾄﾁﾖｳ        "
"9281","7701",マルエツ プチ,"7701 マルエツ プチ","0077",都心店統括部,"0077 都心店統括部","9281 Mﾔﾏｼﾀｺｳｴﾝ      "
"9287","7701",マルエツ プチ,"7701 マルエツ プチ","0077",都心店統括部,"0077 都心店統括部","9287 Mﾀｶﾀﾞﾉﾊﾞﾊﾞ     "
"9291","7701",マルエツ プチ,"7701 マルエツ プチ","0077",都心店統括部,"0077 都心店統括部","9291 Mｼｵﾄﾞﾒｼｵｻｲﾄ    "
"9292","7701",マルエツ プチ,"7701 マルエツ プチ","0077",都心店統括部,"0077 都心店統括部","9292 Mﾅｶﾉﾁﾕｳｵｳ      "
"9296","7701",マルエツ プチ,"7701 マルエツ プチ","0077",都心店統括部,"0077 都心店統括部","9296 Mｷﾁｼﾞﾖｳｼﾞ      "
"9310","7701",マルエツ プチ,"7701 マルエツ プチ","0077",都心店統括部,"0077 都心店統括部","9310 Mｼﾝｺｲﾜ         "
"9348","7701",マルエツ プチ,"7701 マルエツ プチ","0077",都心店統括部,"0077 都心店統括部","9348 Mｼﾛﾔﾏﾋﾙｽﾞ      "
"9349","7701",マルエツ プチ,"7701 マルエツ プチ","0077",都心店統括部,"0077 都心店統括部","9349 Mﾌﾄﾞｳﾏｴ        "
"9351","7701",マルエツ プチ,"7701 マルエツ プチ","0077",都心店統括部,"0077 都心店統括部","9351 Mﾋｶﾞｼｱｻﾞﾌﾞ     "
"9354","7701",マルエツ プチ,"7701 マルエツ プチ","0077",都心店統括部,"0077 都心店統括部","9354 Mﾐﾖｳｶﾞﾀﾞﾆ      "
"9355","7701",マルエツ プチ,"7701 マルエツ プチ","0077",都心店統括部,"0077 都心店統括部","9355 Mｼﾌﾞﾔｼﾝｾﾝ      "
"9356","7701",マルエツ プチ,"7701 マルエツ プチ","0077",都心店統括部,"0077 都心店統括部","9356 Mｼﾛｶﾈﾀﾞｲ       "
"9357","7701",マルエツ プチ,"7701 マルエツ プチ","0077",都心店統括部,"0077 都心店統括部","9357 Mﾆｼｵｵｲｴｷﾏｴ     "
"9358","7701",マルエツ プチ,"7701 マルエツ プチ","0077",都心店統括部,"0077 都心店統括部","9358 Mﾊﾙﾐ           "
"9359","7701",マルエツ プチ,"7701 マルエツ プチ","0077",都心店統括部,"0077 都心店統括部","9359 Mｲｲﾀﾞﾊﾞｼ       "
"9360","7701",マルエツ プチ,"7701 マルエツ プチ","0077",都心店統括部,"0077 都心店統括部","9360 Mｺﾞﾀﾝﾀﾞ        "
"9361","7701",マルエツ プチ,"7701 マルエツ プチ","0077",都心店統括部,"0077 都心店統括部","9361 Mﾊﾂﾁﾖｳﾎﾞﾘ      "
"9362","7701",マルエツ プチ,"7701 マルエツ プチ","0077",都心店統括部,"0077 都心店統括部","9362 Mｽｲﾄﾞｳｺｻﾞｸﾗ    "
"9364","7701",マルエツ プチ,"7701 マルエツ プチ","0077",都心店統括部,"0077 都心店統括部","9364 Mｼﾊﾞ4ﾁﾖｳﾒ      "
"9365","7701",マルエツ プチ,"7701 マルエツ プチ","0077",都心店統括部,"0077 都心店統括部","9365 Mﾋｶﾞｼｲｹﾌﾞｸﾛ3ﾁﾖｳ"
"9367","7701",マルエツ プチ,"7701 マルエツ プチ","0077",都心店統括部,"0077 都心店統括部","9367 Mｺﾏｺﾞﾒ         "
"9369","7701",マルエツ プチ,"7701 マルエツ プチ","0077",都心店統括部,"0077 都心店統括部","9369 Mﾋｶﾞｼｲｹﾌﾞｸﾛ5ﾁﾖｳ"
"9370","7701",マルエツ プチ,"7701 マルエツ プチ","0077",都心店統括部,"0077 都心店統括部","9370 Mﾆｼｼﾝｼﾞﾕｸ3ﾁﾖｳﾒ "
"9371","7701",マルエツ プチ,"7701 マルエツ プチ","0077",都心店統括部,"0077 都心店統括部","9371 Mｼﾛｶﾈﾀﾞｲﾌﾟﾗﾁﾅﾄﾞ"
"9372","7701",マルエツ プチ,"7701 マルエツ プチ","0077",都心店統括部,"0077 都心店統括部","9372 Mｶﾐﾅｶｻﾞﾄ       "
"9373","7701",マルエツ プチ,"7701 マルエツ プチ","0077",都心店統括部,"0077 都心店統括部","9373 Mｺﾞｺｸｼﾞｴｷﾏｴ    "
"9378","7701",マルエツ プチ,"7701 マルエツ プチ","0077",都心店統括部,"0077 都心店統括部","9378 Mｺｳﾅﾝｼﾃｲﾀﾜ-    "
"9383","7701",マルエツ プチ,"7701 マルエツ プチ","0077",都心店統括部,"0077 都心店統括部","9383 Mｾﾝｺﾞｸ         "
"9384","7701",マルエツ プチ,"7701 マルエツ プチ","0077",都心店統括部,"0077 都心店統括部","9384 #ｺﾃﾞﾝﾏﾁﾖｳｴｷﾏｴ  "
"9388","7701",マルエツ プチ,"7701 マルエツ プチ","0077",都心店統括部,"0077 都心店統括部","9388 Mﾘﾖｳｺﾞｸﾐﾄﾞﾘ1ﾁﾖｳ"
"9389","7701",マルエツ プチ,"7701 マルエツ プチ","0077",都心店統括部,"0077 都心店統括部","9389 Mﾆﾝｷﾞﾖｳﾁﾖｳｴｷﾏｴ "
"9398","7701",マルエツ プチ,"7701 マルエツ プチ","0077",都心店統括部,"0077 都心店統括部","9398 Mｶﾝﾀﾞﾂｶｻﾏﾁ     "
"9401","7701",マルエツ プチ,"7701 マルエツ プチ","0077",都心店統括部,"0077 都心店統括部","9401 Mﾐﾅﾐｵｷﾞｸﾎﾞ2ﾁﾖｳﾒ"
"9403","7701",マルエツ プチ,"7701 マルエツ プチ","0077",都心店統括部,"0077 都心店統括部","9403 Mﾋｶﾞｼｲｹﾌﾞｸﾛｴｷﾏｴ"
"9406","7701",マルエツ プチ,"7701 マルエツ プチ","0077",都心店統括部,"0077 都心店統括部","9406 Mﾄﾐｶﾞﾔ1ﾁﾖｳﾒ    "
"9407","7701",マルエツ プチ,"7701 マルエツ プチ","0077",都心店統括部,"0077 都心店統括部","9407 Mﾎﾝｼﾞﾖ4ﾁﾖｳﾒ    "
"9408","7701",マルエツ プチ,"7701 マルエツ プチ","0077",都心店統括部,"0077 都心店統括部","9408 Mｼﾌﾞﾔｳｸﾞｲｽﾀﾞﾆﾁﾖ"
"9409","7701",マルエツ プチ,"7701 マルエツ プチ","0077",都心店統括部,"0077 都心店統括部","9409 Mﾅｶｵﾁｱｲ1ﾁﾖｳﾒ   "
"9413","7701",マルエツ プチ,"7701 マルエツ プチ","0077",都心店統括部,"0077 都心店統括部","9413 Mﾁﾊﾞﾐﾅﾄｴｷ      "
"9414","7701",マルエツ プチ,"7701 マルエツ プチ","0077",都心店統括部,"0077 都心店統括部","9414 Mｿﾞｳｼｶﾞﾔ2ﾁﾖｳﾒ  "
"9419","7701",マルエツ プチ,"7701 マルエツ プチ","0077",都心店統括部,"0077 都心店統括部","9419 Mｲﾁﾊﾞﾝﾁﾖｳ      "
"9425","7701",マルエツ プチ,"7701 マルエツ プチ","0077",都心店統括部,"0077 都心店統括部","9425 Mｲｹﾉﾊﾀ2ﾁﾖｳﾒ    "
"9427","7701",マルエツ プチ,"7701 マルエツ プチ","0077",都心店統括部,"0077 都心店統括部","9427 Mｼﾝｶﾜ1ﾁﾖｳﾒ     "
"9429","7701",マルエツ プチ,"7701 マルエツ プチ","0077",都心店統括部,"0077 都心店統括部","9429 Mﾎﾝｺﾞｳ2ﾁﾖｳﾒ    "
"9436","7701",マルエツ プチ,"7701 マルエツ プチ","0077",都心店統括部,"0077 都心店統括部","9436 Mﾆﾎﾝﾊﾞｼﾎﾝﾁﾖｳ   "
"9440","7701",マルエツ プチ,"7701 マルエツ プチ","0077",都心店統括部,"0077 都心店統括部","9440 Mｺﾏｺﾞﾒﾅｶｻﾞﾄ1ﾁﾖｳ"
"9460","7701",マルエツ プチ,"7701 マルエツ プチ","0077",都心店統括部,"0077 都心店統括部","9460 Mｷﾀｼﾅｶﾞﾜｲﾂﾁﾖｳﾒ "
"9463","7701",マルエツ プチ,"7701 マルエツ プチ","0077",都心店統括部,"0077 都心店統括部","9463 Mｼﾊﾞﾆﾁﾖｳﾒ      "
"9465","7701",マルエツ プチ,"7701 マルエツ プチ","0077",都心店統括部,"0077 都心店統括部","9465 Mｺﾞﾀﾝﾉｴｷ       "
"9467","7701",マルエツ プチ,"7701 マルエツ プチ","0077",都心店統括部,"0077 都心店統括部","9467 Mﾖﾂﾔﾆﾁﾖｳﾒ      "
"9973",,,,,,,
"9974",,,,,,,
"9975",,,,,,,
"9472","7701",マルエツ プチ,"7701 マルエツ プチ","0077",都心店統括部,"0077 都心店統括部","9472 Mﾊﾅｶﾜﾄﾞﾆﾁﾖｳﾒ   "
"9475","7701",マルエツ プチ,"7701 マルエツ プチ","0077",都心店統括部,"0077 都心店統括部","9475 Mｼﾖｳｱﾝｻﾝﾁﾖｳﾒ   "
"9477","7701",マルエツ プチ,"7701 マルエツ プチ","0077",都心店統括部,"0077 都心店統括部","9477 Mｼﾓｵﾁｱｲｴｷﾏｴ    "
"9478","7701",マルエツ プチ,"7701 マルエツ プチ","0077",都心店統括部,"0077 都心店統括部","9478 Mｶﾝﾀﾞｼﾞﾝﾎﾞｳﾁﾖｳﾆ"
"9481","7701",マルエツ プチ,"7701 マルエツ プチ","0077",都心店統括部,"0077 都心店統括部","9481 Mｽｷﾞﾅﾐﾜﾀﾞｲﾂﾁﾖｳﾒ"
"9492","7701",マルエツ プチ,"7701 マルエツ プチ","0077",都心店統括部,"0077 都心店統括部","9492 Mﾀﾊﾞﾀｺﾞﾁﾖｳﾒ    "
"9494","7701",マルエツ プチ,"7701 マルエツ プチ","0077",都心店統括部,"0077 都心店統括部","9494 Mｼﾝﾊﾞｼｺﾞﾁﾖｳﾒ   "
"9495","7701",マルエツ プチ,"7701 マルエツ プチ","0077",都心店統括部,"0077 都心店統括部","9495 Mﾊﾏﾏﾂﾁﾖｳﾆﾁﾖｳﾒ  "
"9632","7701",マルエツ プチ,"7701 マルエツ プチ","0077",都心店統括部,"0077 都心店統括部","9632 Mﾊﾂﾁﾖｳﾎﾞﾘﾖﾝﾁﾖｳﾒ"
"9633","7701",マルエツ プチ,"7701 マルエツ プチ","0077",都心店統括部,"0077 都心店統括部","9633 Mﾔﾅｶｻﾝﾁﾖｳﾒ     "
"9634","7701",マルエツ プチ,"7701 マルエツ プチ","0077",都心店統括部,"0077 都心店統括部","9634 Mﾐﾀﾆﾁﾖｳﾒ       "
"9635","7701",マルエツ プチ,"7701 マルエツ プチ","0077",都心店統括部,"0077 都心店統括部","9635 Mﾊﾅｻｷﾁﾖｳﾛｸﾁﾖｳﾒ "
"9643","7701",マルエツ プチ,"7701 マルエツ プチ","0077",都心店統括部,"0077 都心店統括部","9643 Mﾊﾏﾏﾂﾁﾖｳｲﾂﾁﾖｳﾒ "
"9647","7701",マルエツ プチ,"7701 マルエツ プチ","0077",都心店統括部,"0077 都心店統括部","9647 Mﾅｶﾒｸﾞﾛﾖﾝﾁﾖｳﾒ  "
"9653","7701",マルエツ プチ,"7701 マルエツ プチ","0077",都心店統括部,"0077 都心店統括部","9653 Mﾎﾝｺﾏｺﾞﾒﾆﾁﾖｳﾒ  "
"9657","7701",マルエツ プチ,"7701 マルエツ プチ","0077",都心店統括部,"0077 都心店統括部","9657 Mﾏｺﾞﾒｴｷﾏｴ      "
"9658","7701",マルエツ プチ,"7701 マルエツ プチ","0077",都心店統括部,"0077 都心店統括部","9658 Mﾐﾅﾐｱｵﾔﾏﾅﾅﾁﾖｳﾒ "
"9660","7701",マルエツ プチ,"7701 マルエツ プチ","0077",都心店統括部,"0077 都心店統括部","9660 Mｱｶｻｶﾋﾞｽﾞﾀﾜ-   "
"9661","7701",マルエツ プチ,"7701 マルエツ プチ","0077",都心店統括部,"0077 都心店統括部","9661 Mｸﾗﾏｴﾖﾝﾁﾖｳﾒ    "
"9662","7701",マルエツ プチ,"7701 マルエツ プチ","0077",都心店統括部,"0077 都心店統括部","9662 Mｶﾐｲｹﾌﾞｸﾛﾆﾁﾖｳﾒ "
"9276","7702",リンコス事業部,"7702 リンコス事業部","0077",都心店統括部,"0077 都心店統括部","9276 Mﾘﾊﾞ-ｼﾃｲ       "
"9277","7702",リンコス事業部,"7702 リンコス事業部","0077",都心店統括部,"0077 都心店統括部","9277 Mﾍﾞｲﾀｳﾝ        "
"9317","7702",リンコス事業部,"7702 リンコス事業部","0077",都心店統括部,"0077 都心店統括部","9317 Mﾀｶﾅﾜ          "
"9480","7702",リンコス事業部,"7702 リンコス事業部","0077",都心店統括部,"0077 都心店統括部","9480 Mｸﾀﾞﾝ          "
"9649","7702",リンコス事業部,"7702 リンコス事業部","0077",都心店統括部,"0077 都心店統括部","9649 Mﾖｺﾊﾏﾊﾞｼﾔﾐﾁ    "
"9663","7702",リンコス事業部,"7702 リンコス事業部","0077",都心店統括部,"0077 都心店統括部","9663 Mｼﾛｶﾈｻﾞ.ｽｶｲ    "
"9520","7901",MD本部店,"7901 MD本部店","0079",ショップ店,"0079 ショップ店","9520 ｳｵｴﾂｺｳｼﾞﾔﾃﾝ    "
"9519","7902",通信販売店,"7902 通信販売店","0079",ショップ店,"0079 ショップ店","9519 ﾂｳｼﾝﾊﾝﾊﾞｲﾃﾝ    "
"9000",,,,,,,
"9300",,,,,,,
"9616",,,,,,,
"9695",,,,,,,
"9696",,,,,,,
"9697",,,,,,,
"9698",,,,,,,
"9699",,,,,,,
"9718",,,,,,,
"9719",,,,,,,
"9739",,,,,,,
"9783",,,,,,,
"9784",,,,,,,
"9787",,,,,,,
"9789",,,,,,,
"9792",,,,,,,
"9794",,,,,,,
"9795",,,,,,,
"9797",,,,,,,
"9857",,,,,,,
"9858",,,,,,,
"9859",,,,,,,
"9860",,,,,,,
"9861",,,,,,,
"9862",,,,,,,
"9863",,,,,,,
"9864",,,,,,,
"9865",,,,,,,
"9866",,,,,,,
"9867",,,,,,,
"9868",,,,,,,
"9869",,,,,,,
"9870",,,,,,,
"9871",,,,,,,
"9872",,,,,,,
"9873",,,,,,,
"9874",,,,,,,
"9875",,,,,,,
"9876",,,,,,,
"9877",,,,,,,
"9878",,,,,,,
"9879",,,,,,,
"9890",,,,,,,
"9891",,,,,,,
"9892",,,,,,,
"9893",,,,,,,
"9894",,,,,,,
"9895",,,,,,,
"9896",,,,,,,
"9897",,,,,,,
"9898",,,,,,,
"9899",,,,,,,
"9900",,,,,,,
"9927",,,,,,,
